w0,w1,w2,w3,a0,a1,a2,a3,b0,b1,b2,b3
200,400,200,400,,,,,,,,
192,408,208,392,,,,,,,,
184,416,216,384,,,,,,,,
176,424,224,376,,,,,,,,
168,432,232,368,,,,,,,,
160,440,240,360,,,,,,,,
152,448,248,352,,,,,,,,
144,456,256,344,,,,,,,,
136,464,264,336,,,,,,,,
128,472,272,328,1.0,0.0,0.0,0.0,,,,
120,472,280,328,1.0,0.0,0.0,0.0,,,,
112,472,288,328,,,,,,,,
120,480,280,320,,,,,,,,
128,488,272,312,,,,,,,,
136,496,264,304,,,,,,,,
144,504,256,296,,,,,,,,
152,512,248,288,,,,,,,,
160,520,240,280,,,,,,,,
168,528,232,272,,,,,,,,
176,536,224,264,,,,,,,,
184,544,216,256,,,,,,,,
192,552,208,248,,,,,,,,
200,560,200,240,,,,,,,,
208,568,192,232,,,,,,,,
216,576,184,224,,,,,,,,
224,584,176,216,,,,,,,,
232,592,168,208,,,,,,,,
240,600,160,200,,,,,,,,
248,608,152,192,,,,,,,,
256,616,144,184,0.0,0.0,1.0,0.0,,,,
264,616,136,184,0.0,0.0,1.0,0.0,1.0,0.0,0.0,0.0
272,616,128,184,0.0,0.0,1.0,0.0,1.0,0.0,0.0,0.0
280,616,120,184,0.0,0.0,1.0,0.0,1.0,0.0,0.0,0.0
288,616,112,184,0.0,0.0,1.0,0.0,1.0,0.0,0.0,0.0
296,616,104,184,0.0,0.0,1.0,0.0,1.0,0.0,0.0,0.0
304,616,96,184,0.0,0.0,1.0,0.0,1.0,0.0,0.0,0.0
312,616,88,184,0.0,0.0,1.0,0.0,1.0,0.0,0.0,0.0
320,616,80,184,0.0,0.0,1.0,0.0,1.0,0.0,0.0,0.0
328,616,72,184,0.0,0.0,1.0,0.0,1.0,0.0,0.0,0.0
336,616,64,184,0.0,0.0,1.0,0.0,1.0,0.0,0.0,0.0
344,616,56,184,,,,,1.0,0.0,0.0,0.0
336,608,64,192,,,,,0.0,0.0,0.0,1.0
328,600,72,200,,,,,,,,
320,592,80,208,,,,,,,,
312,584,88,216,,,,,,,,
304,576,96,224,,,,,,,,
296,568,104,232,,,,,,,,
288,560,112,240,,,,,,,,
280,552,120,248,,,,,,,,
272,544,128,256,,,,,,,,
264,536,136,264,,,,,,,,
256,528,144,272,,,,,,,,
248,520,152,280,,,,,,,,
240,512,160,288,,,,,,,,
232,504,168,296,0.0,1.0,0.0,0.0,,,,
232,496,168,304,0.0,1.0,0.0,0.0,0.0,0.0,0.0,1.0
232,488,168,312,0.0,1.0,0.0,0.0,0.0,0.0,0.0,1.0
232,480,168,320,0.0,1.0,0.0,0.0,0.0,0.0,0.0,1.0
232,472,168,328,0.0,1.0,0.0,0.0,0.0,0.0,0.0,1.0
232,464,168,336,0.0,1.0,0.0,0.0,0.0,0.0,0.0,1.0
232,456,168,344,0.0,1.0,0.0,0.0,0.0,0.0,0.0,1.0
232,448,168,352,0.0,1.0,0.0,0.0,0.0,0.0,0.0,1.0
232,440,168,360,0.0,1.0,0.0,0.0,0.0,0.0,0.0,1.0
232,432,168,368,0.0,1.0,0.0,0.0,0.0,0.0,0.0,1.0
232,424,168,376,0.0,1.0,0.0,0.0,0.0,0.0,0.0,1.0
232,416,168,384,0.0,1.0,0.0,0.0,0.0,0.0,0.0,1.0
232,408,168,392,0.0,1.0,0.0,0.0,0.0,0.0,0.0,1.0
232,400,168,400,0.0,1.0,0.0,0.0,0.0,0.0,0.0,1.0
232,392,168,408,0.0,1.0,0.0,0.0,0.0,0.0,0.0,1.0
232,384,168,416,0.0,1.0,0.0,0.0,0.0,0.0,0.0,1.0
232,376,168,424,0.0,1.0,0.0,0.0,0.0,0.0,0.0,1.0
232,368,168,432,0.0,1.0,0.0,0.0,0.0,0.0,0.0,1.0
232,360,168,440,0.0,1.0,0.0,0.0,0.0,0.0,0.0,1.0
232,352,168,448,0.0,1.0,0.0,0.0,0.0,0.0,0.0,1.0
232,344,168,456,0.0,1.0,0.0,0.0,0.0,0.0,0.0,1.0
232,336,168,464,0.0,1.0,0.0,0.0,0.0,0.0,0.0,1.0
232,328,168,472,0.0,1.0,0.0,0.0,0.0,0.0,0.0,1.0
232,320,168,480,0.0,1.0,0.0,0.0,0.0,0.0,0.0,1.0
232,312,168,488,0.0,1.0,0.0,0.0,0.0,0.0,0.0,1.0
232,304,168,496,0.0,1.0,0.0,0.0,0.0,0.0,0.0,1.0
232,296,168,504,0.0,1.0,0.0,0.0,0.0,0.0,0.0,1.0
232,288,168,512,0.0,1.0,0.0,0.0,0.0,0.0,0.0,1.0
232,280,168,520,0.0,1.0,0.0,0.0,0.0,0.0,0.0,1.0
232,272,168,528,0.0,1.0,0.0,0.0,0.0,0.0,0.0,1.0
232,264,168,536,0.0,1.0,0.0,0.0,0.0,0.0,0.0,1.0
232,256,168,544,0.0,1.0,0.0,0.0,0.0,0.0,0.0,1.0
232,248,168,552,0.0,1.0,0.0,0.0,0.0,0.0,0.0,1.0
232,240,168,560,0.0,1.0,0.0,0.0,0.0,0.0,0.0,1.0
232,232,168,568,0.0,1.0,0.0,0.0,0.0,0.0,0.0,1.0
232,224,168,576,0.0,1.0,0.0,0.0,0.0,0.0,0.0,1.0
232,216,168,584,0.0,1.0,0.0,0.0,0.0,0.0,0.0,1.0
232,208,168,592,0.0,1.0,0.0,0.0,0.0,0.0,0.0,1.0
232,200,168,600,0.0,1.0,0.0,0.0,0.0,0.0,0.0,1.0
232,192,168,608,0.0,1.0,0.0,0.0,0.0,0.0,0.0,1.0
232,184,168,616,0.0,1.0,0.0,0.0,0.0,0.0,0.0,1.0
232,176,168,624,0.0,1.0,0.0,0.0,0.0,0.0,0.0,1.0
232,168,168,632,0.0,1.0,0.0,0.0,0.0,0.0,0.0,1.0
232,160,168,640,0.0,1.0,0.0,0.0,0.0,0.0,0.0,1.0
232,152,168,648,,,,,0.0,0.0,0.0,1.0
224,144,176,656,,,,,,,,
216,136,184,664,,,,,,,,
208,128,192,672,,,,,,,,
200,120,200,680,,,,,,,,
192,112,208,688,,,,,,,,
184,104,216,696,,,,,,,,
176,96,224,704,,,,,,,,
168,88,232,712,,,,,,,,
160,80,240,720,1.0,0.0,0.0,0.0,,,,
152,80,248,720,1.0,0.0,0.0,0.0,0.0,0.0,1.0,0.0
144,80,256,720,,,,,0.0,0.0,1.0,0.0
152,88,248,712,,,,,0.0,1.0,0.0,0.0
160,96,240,704,,,,,0.0,1.0,0.0,0.0
168,104,232,696,,,,,,,,
176,112,224,688,,,,,,,,
176,120,224,680,,,,,0.0,1.0,0.0,0.0
176,128,224,672,,,,,0.0,1.0,0.0,0.0
176,136,224,664,,,,,0.0,1.0,0.0,0.0
176,144,224,656,,,,,0.0,1.0,0.0,0.0
176,152,224,648,,,,,0.0,1.0,0.0,0.0
176,160,224,640,,,,,0.0,1.0,0.0,0.0
176,168,224,632,,,,,0.0,1.0,0.0,0.0
176,176,224,624,,,,,0.0,1.0,0.0,0.0
176,184,224,616,,,,,0.0,1.0,0.0,0.0
176,192,224,608,,,,,0.0,1.0,0.0,0.0
176,200,224,600,,,,,0.0,1.0,0.0,0.0
176,208,224,592,,,,,0.0,1.0,0.0,0.0
176,216,224,584,,,,,0.0,1.0,0.0,0.0
176,224,224,576,,,,,0.0,1.0,0.0,0.0
176,232,224,568,,,,,0.0,1.0,0.0,0.0
176,240,224,560,,,,,0.0,1.0,0.0,0.0
176,248,224,552,,,,,0.0,1.0,0.0,0.0
176,256,224,544,,,,,0.0,1.0,0.0,0.0
176,264,224,536,,,,,0.0,1.0,0.0,0.0
176,272,224,528,,,,,0.0,1.0,0.0,0.0
176,280,224,520,,,,,0.0,1.0,0.0,0.0
176,288,224,512,,,,,0.0,1.0,0.0,0.0
176,296,224,504,,,,,0.0,1.0,0.0,0.0
176,304,224,496,,,,,0.0,1.0,0.0,0.0
176,312,224,488,,,,,0.0,1.0,0.0,0.0
176,320,224,480,,,,,0.0,1.0,0.0,0.0
176,328,224,472,,,,,0.0,1.0,0.0,0.0
176,336,224,464,,,,,0.0,1.0,0.0,0.0
176,344,224,456,,,,,0.0,1.0,0.0,0.0
176,352,224,448,,,,,0.0,1.0,0.0,0.0
176,360,224,440,,,,,0.0,1.0,0.0,0.0
176,368,224,432,,,,,0.0,1.0,0.0,0.0
176,376,224,424,,,,,0.0,1.0,0.0,0.0
176,384,224,416,,,,,0.0,1.0,0.0,0.0
176,392,224,408,,,,,0.0,1.0,0.0,0.0
176,400,224,400,,,,,0.0,1.0,0.0,0.0
176,408,224,392,,,,,0.0,1.0,0.0,0.0
176,416,224,384,,,,,0.0,1.0,0.0,0.0
176,424,224,376,,,,,0.0,1.0,0.0,0.0
176,432,224,368,,,,,0.0,1.0,0.0,0.0
184,440,216,360,,,,,,,,
192,448,208,352,,,,,,,,
200,456,200,344,,,,,,,,
200,464,200,336,,,,,0.0,1.0,0.0,0.0
200,472,200,328,,,,,0.0,1.0,0.0,0.0
200,480,200,320,,,,,0.0,1.0,0.0,0.0
200,488,200,312,,,,,0.0,1.0,0.0,0.0
200,496,200,304,,,,,0.0,1.0,0.0,0.0
200,504,200,296,,,,,0.0,1.0,0.0,0.0
200,512,200,288,,,,,0.0,1.0,0.0,0.0
200,520,200,280,,,,,0.0,1.0,0.0,0.0
200,528,200,272,,,,,0.0,1.0,0.0,0.0
200,536,200,264,,,,,0.0,1.0,0.0,0.0
200,544,200,256,,,,,0.0,1.0,0.0,0.0
200,552,200,248,,,,,0.0,1.0,0.0,0.0
200,560,200,240,,,,,0.0,1.0,0.0,0.0
200,568,200,232,,,,,0.0,1.0,0.0,0.0
200,576,200,224,,,,,0.0,1.0,0.0,0.0
200,584,200,216,,,,,0.0,1.0,0.0,0.0
200,592,200,208,,,,,0.0,1.0,0.0,0.0
200,600,200,200,,,,,0.0,1.0,0.0,0.0
200,608,200,192,,,,,0.0,1.0,0.0,0.0
200,616,200,184,,,,,0.0,1.0,0.0,0.0
200,624,200,176,,,,,0.0,1.0,0.0,0.0
200,632,200,168,,,,,0.0,1.0,0.0,0.0
200,640,200,160,,,,,0.0,1.0,0.0,0.0
200,648,200,152,,,,,0.0,1.0,0.0,0.0
200,656,200,144,,,,,0.0,1.0,0.0,0.0
200,664,200,136,,,,,0.0,1.0,0.0,0.0
200,672,200,128,,,,,0.0,1.0,0.0,0.0
200,680,200,120,,,,,0.0,1.0,0.0,0.0
192,672,208,128,,,,,0.0,0.0,1.0,0.0
184,664,216,136,,,,,0.0,0.0,1.0,0.0
176,656,224,144,,,,,0.0,0.0,1.0,0.0
168,648,232,152,,,,,,,,
160,640,240,160,,,,,,,,
152,632,248,168,,,,,,,,
144,624,256,176,0.0,1.0,0.0,0.0,,,,
144,616,256,184,0.0,1.0,0.0,0.0,0.0,0.0,0.0,1.0
144,608,256,192,0.0,1.0,0.0,0.0,0.0,0.0,0.0,1.0
144,600,256,200,0.0,1.0,0.0,0.0,0.0,0.0,0.0,1.0
144,592,256,208,0.0,1.0,0.0,0.0,0.0,0.0,0.0,1.0
144,584,256,216,0.0,1.0,0.0,0.0,0.0,0.0,0.0,1.0
144,576,256,224,0.0,1.0,0.0,0.0,0.0,0.0,0.0,1.0
144,568,256,232,0.0,1.0,0.0,0.0,0.0,0.0,0.0,1.0
144,560,256,240,0.0,1.0,0.0,0.0,0.0,0.0,0.0,1.0
144,552,256,248,0.0,1.0,0.0,0.0,0.0,0.0,0.0,1.0
144,544,256,256,0.0,1.0,0.0,0.0,0.0,0.0,0.0,1.0
144,536,256,264,0.0,1.0,0.0,0.0,0.0,0.0,0.0,1.0
144,528,256,272,0.0,1.0,0.0,0.0,0.0,0.0,0.0,1.0
144,520,256,280,0.0,1.0,0.0,0.0,0.0,0.0,0.0,1.0
144,512,256,288,0.0,1.0,0.0,0.0,0.0,0.0,0.0,1.0
144,504,256,296,0.0,1.0,0.0,0.0,0.0,0.0,0.0,1.0
144,496,256,304,0.0,1.0,0.0,0.0,0.0,0.0,0.0,1.0
144,488,256,312,0.0,1.0,0.0,0.0,0.0,0.0,0.0,1.0
144,480,256,320,0.0,1.0,0.0,0.0,0.0,0.0,0.0,1.0
144,472,256,328,0.0,1.0,0.0,0.0,0.0,0.0,0.0,1.0
144,464,256,336,0.0,1.0,0.0,0.0,0.0,0.0,0.0,1.0
144,456,256,344,0.0,1.0,0.0,0.0,0.0,0.0,0.0,1.0
144,448,256,352,0.0,1.0,0.0,0.0,0.0,0.0,0.0,1.0
144,440,256,360,0.0,1.0,0.0,0.0,0.0,0.0,0.0,1.0
144,432,256,368,0.0,1.0,0.0,0.0,0.0,0.0,0.0,1.0
144,424,256,376,0.0,1.0,0.0,0.0,0.0,0.0,0.0,1.0
144,416,256,384,0.0,1.0,0.0,0.0,0.0,0.0,0.0,1.0
144,408,256,392,0.0,1.0,0.0,0.0,0.0,0.0,0.0,1.0
144,400,256,400,0.0,1.0,0.0,0.0,0.0,0.0,0.0,1.0
144,392,256,408,0.0,1.0,0.0,0.0,0.0,0.0,0.0,1.0
144,384,256,416,0.0,1.0,0.0,0.0,0.0,0.0,0.0,1.0
144,376,256,424,0.0,1.0,0.0,0.0,0.0,0.0,0.0,1.0
144,368,256,432,0.0,1.0,0.0,0.0,0.0,0.0,0.0,1.0
144,360,256,440,0.0,1.0,0.0,0.0,0.0,0.0,0.0,1.0
144,352,256,448,0.0,1.0,0.0,0.0,0.0,0.0,0.0,1.0
144,344,256,456,0.0,1.0,0.0,0.0,0.0,0.0,0.0,1.0
144,336,256,464,0.0,1.0,0.0,0.0,0.0,0.0,0.0,1.0
144,328,256,472,0.0,1.0,0.0,0.0,0.0,0.0,0.0,1.0
144,320,256,480,0.0,1.0,0.0,0.0,0.0,0.0,0.0,1.0
144,312,256,488,0.0,1.0,0.0,0.0,0.0,0.0,0.0,1.0
144,304,256,496,0.0,1.0,0.0,0.0,0.0,0.0,0.0,1.0
144,296,256,504,0.0,1.0,0.0,0.0,0.0,0.0,0.0,1.0
144,288,256,512,0.0,1.0,0.0,0.0,0.0,0.0,0.0,1.0
144,280,256,520,0.0,1.0,0.0,0.0,0.0,0.0,0.0,1.0
144,272,256,528,0.0,1.0,0.0,0.0,0.0,0.0,0.0,1.0
144,264,256,536,0.0,1.0,0.0,0.0,0.0,0.0,0.0,1.0
144,256,256,544,0.0,1.0,0.0,0.0,0.0,0.0,0.0,1.0
144,248,256,552,0.0,1.0,0.0,0.0,0.0,0.0,0.0,1.0
144,240,256,560,0.0,1.0,0.0,0.0,0.0,0.0,0.0,1.0
144,232,256,568,0.0,1.0,0.0,0.0,0.0,0.0,0.0,1.0
144,224,256,576,0.0,1.0,0.0,0.0,0.0,0.0,0.0,1.0
144,216,256,584,0.0,1.0,0.0,0.0,0.0,0.0,0.0,1.0
144,208,256,592,0.0,1.0,0.0,0.0,0.0,0.0,0.0,1.0
144,200,256,600,0.0,1.0,0.0,0.0,0.0,0.0,0.0,1.0
144,192,256,608,0.0,1.0,0.0,0.0,0.0,0.0,0.0,1.0
144,184,256,616,0.0,1.0,0.0,0.0,0.0,0.0,0.0,1.0
144,176,256,624,0.0,1.0,0.0,0.0,0.0,0.0,0.0,1.0
144,168,256,632,0.0,1.0,0.0,0.0,0.0,0.0,0.0,1.0
144,160,256,640,0.0,1.0,0.0,0.0,0.0,0.0,0.0,1.0
144,152,256,648,0.0,1.0,0.0,0.0,0.0,0.0,0.0,1.0
144,144,256,656,0.0,1.0,0.0,0.0,0.0,0.0,0.0,1.0
144,136,256,664,0.0,1.0,0.0,0.0,0.0,0.0,0.0,1.0
144,128,256,672,0.0,1.0,0.0,0.0,0.0,0.0,0.0,1.0
144,120,256,680,0.0,1.0,0.0,0.0,0.0,0.0,0.0,1.0
144,112,256,688,0.0,1.0,0.0,0.0,0.0,0.0,0.0,1.0
144,104,256,696,0.0,1.0,0.0,0.0,0.0,0.0,0.0,1.0
144,96,256,704,0.0,1.0,0.0,0.0,0.0,0.0,0.0,1.0
144,88,256,712,0.0,1.0,0.0,0.0,0.0,0.0,0.0,1.0
144,80,256,720,0.0,1.0,0.0,0.0,0.0,0.0,0.0,1.0
144,72,256,728,0.0,1.0,0.0,0.0,0.0,0.0,0.0,1.0
144,64,256,736,0.0,1.0,0.0,0.0,0.0,0.0,0.0,1.0
144,56,256,744,0.0,1.0,0.0,0.0,0.0,0.0,0.0,1.0
144,48,256,752,,,,,0.0,0.0,0.0,1.0
152,56,248,744,,,,,1.0,0.0,0.0,0.0
160,64,240,736,,,,,1.0,0.0,0.0,0.0
168,72,232,728,,,,,1.0,0.0,0.0,0.0
176,80,224,720,,,,,,,,
184,88,216,712,,,,,,,,
192,96,208,704,,,,,,,,
200,104,200,696,,,,,,,,
208,112,192,688,,,,,,,,
208,120,192,680,,,,,0.0,1.0,0.0,0.0
208,128,192,672,,,,,0.0,1.0,0.0,0.0
208,136,192,664,,,,,0.0,1.0,0.0,0.0
208,144,192,656,,,,,0.0,1.0,0.0,0.0
208,152,192,648,,,,,0.0,1.0,0.0,0.0
208,160,192,640,,,,,0.0,1.0,0.0,0.0
208,168,192,632,,,,,0.0,1.0,0.0,0.0
208,176,192,624,,,,,0.0,1.0,0.0,0.0
208,184,192,616,,,,,0.0,1.0,0.0,0.0
208,192,192,608,,,,,0.0,1.0,0.0,0.0
208,200,192,600,,,,,0.0,1.0,0.0,0.0
208,208,192,592,,,,,0.0,1.0,0.0,0.0
208,216,192,584,,,,,0.0,1.0,0.0,0.0
208,224,192,576,,,,,0.0,1.0,0.0,0.0
208,232,192,568,,,,,0.0,1.0,0.0,0.0
208,240,192,560,,,,,0.0,1.0,0.0,0.0
208,248,192,552,,,,,0.0,1.0,0.0,0.0
208,256,192,544,,,,,0.0,1.0,0.0,0.0
208,264,192,536,,,,,0.0,1.0,0.0,0.0
208,272,192,528,,,,,0.0,1.0,0.0,0.0
208,280,192,520,,,,,0.0,1.0,0.0,0.0
208,288,192,512,,,,,0.0,1.0,0.0,0.0
208,296,192,504,,,,,0.0,1.0,0.0,0.0
208,304,192,496,,,,,0.0,1.0,0.0,0.0
208,312,192,488,,,,,0.0,1.0,0.0,0.0
208,320,192,480,,,,,0.0,1.0,0.0,0.0
208,328,192,472,,,,,0.0,1.0,0.0,0.0
208,336,192,464,,,,,0.0,1.0,0.0,0.0
208,344,192,456,,,,,0.0,1.0,0.0,0.0
208,352,192,448,,,,,0.0,1.0,0.0,0.0
208,360,192,440,,,,,0.0,1.0,0.0,0.0
208,368,192,432,,,,,0.0,1.0,0.0,0.0
208,376,192,424,,,,,0.0,1.0,0.0,0.0
208,384,192,416,,,,,0.0,1.0,0.0,0.0
208,392,192,408,,,,,0.0,1.0,0.0,0.0
208,400,192,400,,,,,0.0,1.0,0.0,0.0
208,408,192,392,,,,,0.0,1.0,0.0,0.0
208,416,192,384,,,,,0.0,1.0,0.0,0.0
208,424,192,376,,,,,0.0,1.0,0.0,0.0
208,432,192,368,,,,,0.0,1.0,0.0,0.0
208,440,192,360,,,,,0.0,1.0,0.0,0.0
208,448,192,352,,,,,0.0,1.0,0.0,0.0
208,456,192,344,,,,,0.0,1.0,0.0,0.0
208,464,192,336,,,,,0.0,1.0,0.0,0.0
208,472,192,328,,,,,0.0,1.0,0.0,0.0
208,480,192,320,,,,,0.0,1.0,0.0,0.0
208,488,192,312,,,,,0.0,1.0,0.0,0.0
208,496,192,304,,,,,0.0,1.0,0.0,0.0
208,504,192,296,,,,,0.0,1.0,0.0,0.0
208,512,192,288,,,,,0.0,1.0,0.0,0.0
208,520,192,280,,,,,0.0,1.0,0.0,0.0
208,528,192,272,,,,,0.0,1.0,0.0,0.0
208,536,192,264,,,,,0.0,1.0,0.0,0.0
208,544,192,256,,,,,0.0,1.0,0.0,0.0
208,552,192,248,,,,,0.0,1.0,0.0,0.0
208,560,192,240,,,,,0.0,1.0,0.0,0.0
208,568,192,232,,,,,0.0,1.0,0.0,0.0
208,576,192,224,,,,,0.0,1.0,0.0,0.0
208,584,192,216,,,,,0.0,1.0,0.0,0.0
208,592,192,208,,,,,0.0,1.0,0.0,0.0
208,600,192,200,,,,,0.0,1.0,0.0,0.0
208,608,192,192,,,,,0.0,1.0,0.0,0.0
208,616,192,184,,,,,0.0,1.0,0.0,0.0
208,624,192,176,,,,,0.0,1.0,0.0,0.0
208,632,192,168,,,,,0.0,1.0,0.0,0.0
208,640,192,160,,,,,0.0,1.0,0.0,0.0
208,648,192,152,,,,,0.0,1.0,0.0,0.0
208,656,192,144,,,,,0.0,1.0,0.0,0.0
208,664,192,136,,,,,0.0,1.0,0.0,0.0
208,672,192,128,,,,,0.0,1.0,0.0,0.0
208,680,192,120,,,,,0.0,1.0,0.0,0.0
208,688,192,112,,,,,0.0,1.0,0.0,0.0
208,696,192,104,,,,,0.0,1.0,0.0,0.0
208,704,192,96,,,,,0.0,1.0,0.0,0.0
208,712,192,88,,,,,0.0,1.0,0.0,0.0
208,720,192,80,,,,,0.0,1.0,0.0,0.0
200,712,200,88,,,,,0.0,0.0,1.0,0.0
192,704,208,96,,,,,0.0,0.0,1.0,0.0
184,696,216,104,,,,,0.0,0.0,1.0,0.0
176,688,224,112,,,,,,,,
168,680,232,120,,,,,,,,
160,672,240,128,,,,,,,,
152,664,248,136,,,,,,,,
144,656,256,144,,,,,,,,
136,648,264,152,,,,,,,,
128,640,272,160,,,,,,,,
120,632,280,168,,,,,,,,
112,624,288,176,,,,,,,,
104,616,296,184,,,,,,,,
96,608,304,192,,,,,,,,
88,600,312,200,,,,,,,,
80,592,320,208,0.0,1.0,0.0,0.0,,,,
80,584,320,216,0.0,1.0,0.0,0.0,0.0,0.0,0.0,1.0
80,576,320,224,0.0,1.0,0.0,0.0,0.0,0.0,0.0,1.0
80,568,320,232,0.0,1.0,0.0,0.0,0.0,0.0,0.0,1.0
80,560,320,240,0.0,1.0,0.0,0.0,0.0,0.0,0.0,1.0
80,552,320,248,0.0,1.0,0.0,0.0,0.0,0.0,0.0,1.0
80,544,320,256,0.0,1.0,0.0,0.0,0.0,0.0,0.0,1.0
80,536,320,264,0.0,1.0,0.0,0.0,0.0,0.0,0.0,1.0
80,528,320,272,0.0,1.0,0.0,0.0,0.0,0.0,0.0,1.0
80,520,320,280,0.0,1.0,0.0,0.0,0.0,0.0,0.0,1.0
80,512,320,288,0.0,1.0,0.0,0.0,0.0,0.0,0.0,1.0
80,504,320,296,0.0,1.0,0.0,0.0,0.0,0.0,0.0,1.0
80,496,320,304,0.0,1.0,0.0,0.0,0.0,0.0,0.0,1.0
80,488,320,312,0.0,1.0,0.0,0.0,0.0,0.0,0.0,1.0
80,480,320,320,0.0,1.0,0.0,0.0,0.0,0.0,0.0,1.0
80,472,320,328,0.0,1.0,0.0,0.0,0.0,0.0,0.0,1.0
80,464,320,336,0.0,1.0,0.0,0.0,0.0,0.0,0.0,1.0
80,456,320,344,0.0,1.0,0.0,0.0,0.0,0.0,0.0,1.0
80,448,320,352,0.0,1.0,0.0,0.0,0.0,0.0,0.0,1.0
80,440,320,360,0.0,1.0,0.0,0.0,0.0,0.0,0.0,1.0
80,432,320,368,0.0,1.0,0.0,0.0,0.0,0.0,0.0,1.0
80,424,320,376,0.0,1.0,0.0,0.0,0.0,0.0,0.0,1.0
80,416,320,384,0.0,1.0,0.0,0.0,0.0,0.0,0.0,1.0
80,408,320,392,0.0,1.0,0.0,0.0,0.0,0.0,0.0,1.0
80,400,320,400,0.0,1.0,0.0,0.0,0.0,0.0,0.0,1.0
80,392,320,408,0.0,1.0,0.0,0.0,0.0,0.0,0.0,1.0
80,384,320,416,0.0,1.0,0.0,0.0,0.0,0.0,0.0,1.0
80,376,320,424,0.0,1.0,0.0,0.0,0.0,0.0,0.0,1.0
80,368,320,432,0.0,1.0,0.0,0.0,0.0,0.0,0.0,1.0
80,360,320,440,0.0,1.0,0.0,0.0,0.0,0.0,0.0,1.0
80,352,320,448,0.0,1.0,0.0,0.0,0.0,0.0,0.0,1.0
80,344,320,456,0.0,1.0,0.0,0.0,0.0,0.0,0.0,1.0
80,336,320,464,0.0,1.0,0.0,0.0,0.0,0.0,0.0,1.0
80,328,320,472,0.0,1.0,0.0,0.0,0.0,0.0,0.0,1.0
80,320,320,480,0.0,1.0,0.0,0.0,0.0,0.0,0.0,1.0
80,312,320,488,0.0,1.0,0.0,0.0,0.0,0.0,0.0,1.0
80,304,320,496,0.0,1.0,0.0,0.0,0.0,0.0,0.0,1.0
80,296,320,504,0.0,1.0,0.0,0.0,0.0,0.0,0.0,1.0
80,288,320,512,0.0,1.0,0.0,0.0,0.0,0.0,0.0,1.0
80,280,320,520,0.0,1.0,0.0,0.0,0.0,0.0,0.0,1.0
80,272,320,528,0.0,1.0,0.0,0.0,0.0,0.0,0.0,1.0
80,264,320,536,0.0,1.0,0.0,0.0,0.0,0.0,0.0,1.0
80,256,320,544,0.0,1.0,0.0,0.0,0.0,0.0,0.0,1.0
80,248,320,552,0.0,1.0,0.0,0.0,0.0,0.0,0.0,1.0
80,240,320,560,0.0,1.0,0.0,0.0,0.0,0.0,0.0,1.0
80,232,320,568,0.0,1.0,0.0,0.0,0.0,0.0,0.0,1.0
80,224,320,576,0.0,1.0,0.0,0.0,0.0,0.0,0.0,1.0
80,216,320,584,0.0,1.0,0.0,0.0,0.0,0.0,0.0,1.0
80,208,320,592,0.0,1.0,0.0,0.0,0.0,0.0,0.0,1.0
80,200,320,600,0.0,1.0,0.0,0.0,0.0,0.0,0.0,1.0
80,192,320,608,0.0,1.0,0.0,0.0,0.0,0.0,0.0,1.0
80,184,320,616,0.0,1.0,0.0,0.0,0.0,0.0,0.0,1.0
80,176,320,624,,,,,0.0,0.0,0.0,1.0
88,184,312,616,,,,,1.0,0.0,0.0,0.0
96,192,304,608,,,,,1.0,0.0,0.0,0.0
104,200,296,600,,,,,1.0,0.0,0.0,0.0
112,208,288,592,,,,,1.0,0.0,0.0,0.0
120,216,280,584,,,,,,,,
128,224,272,576,,,,,,,,
136,232,264,568,,,,,,,,
144,240,256,560,,,,,,,,
152,248,248,552,,,,,,,,
160,256,240,544,,,,,,,,
168,264,232,536,,,,,,,,
176,272,224,528,,,,,,,,
184,280,216,520,,,,,,,,
192,288,208,512,,,,,,,,
200,296,200,504,,,,,,,,
208,304,192,496,,,,,,,,
216,312,184,488,,,,,,,,
224,320,176,480,,,,,,,,
232,328,168,472,,,,,,,,
240,336,160,464,,,,,,,,
248,344,152,456,,,,,,,,
256,352,144,448,,,,,,,,
264,360,136,440,,,,,,,,
272,368,128,432,,,,,,,,
280,376,120,424,,,,,,,,
288,384,112,416,,,,,,,,
296,392,104,408,,,,,,,,
304,400,96,400,,,,,,,,
312,408,88,392,,,,,,,,
320,416,80,384,,,,,,,,
328,424,72,376,,,,,,,,
336,432,64,368,,,,,,,,
344,440,56,360,,,,,,,,
352,448,48,352,,,,,,,,
360,456,40,344,,,,,,,,
368,464,32,336,,,,,,,,
376,472,24,328,,,,,,,,
384,480,16,320,,,,,,,,
384,488,16,312,,,,,0.0,1.0,0.0,0.0
384,496,16,304,,,,,0.0,1.0,0.0,0.0
384,504,16,296,,,,,0.0,1.0,0.0,0.0
384,512,16,288,,,,,0.0,1.0,0.0,0.0
384,520,16,280,,,,,0.0,1.0,0.0,0.0
384,528,16,272,,,,,0.0,1.0,0.0,0.0
384,536,16,264,,,,,0.0,1.0,0.0,0.0
384,544,16,256,,,,,0.0,1.0,0.0,0.0
384,552,16,248,,,,,0.0,1.0,0.0,0.0
376,560,24,240,,,,,,,,
368,568,32,232,,,,,,,,
360,576,40,224,,,,,,,,
352,584,48,216,,,,,,,,
344,592,56,208,,,,,,,,
336,600,64,200,,,,,,,,
328,608,72,192,,,,,,,,
320,616,80,184,,,,,,,,
312,624,88,176,,,,,,,,
304,632,96,168,,,,,,,,
296,640,104,160,,,,,,,,
288,648,112,152,,,,,,,,
288,656,112,144,,,,,0.0,1.0,0.0,0.0
280,648,120,152,,,,,0.0,0.0,1.0,0.0
272,640,128,160,,,,,0.0,0.0,1.0,0.0
264,632,136,168,,,,,0.0,0.0,1.0,0.0
256,624,144,176,,,,,0.0,0.0,1.0,0.0
248,616,152,184,,,,,0.0,0.0,1.0,0.0
240,608,160,192,,,,,,,,
232,600,168,200,,,,,,,,
224,592,176,208,,,,,,,,
216,584,184,216,,,,,,,,
208,576,192,224,,,,,,,,
200,568,200,232,,,,,,,,
192,560,208,240,,,,,,,,
184,552,216,248,0.0,1.0,0.0,0.0,,,,
184,544,216,256,0.0,1.0,0.0,0.0,0.0,0.0,0.0,1.0
184,536,216,264,0.0,1.0,0.0,0.0,0.0,0.0,0.0,1.0
184,528,216,272,0.0,1.0,0.0,0.0,0.0,0.0,0.0,1.0
184,520,216,280,0.0,1.0,0.0,0.0,0.0,0.0,0.0,1.0
184,512,216,288,0.0,1.0,0.0,0.0,0.0,0.0,0.0,1.0
184,504,216,296,0.0,1.0,0.0,0.0,0.0,0.0,0.0,1.0
184,496,216,304,0.0,1.0,0.0,0.0,0.0,0.0,0.0,1.0
184,488,216,312,0.0,1.0,0.0,0.0,0.0,0.0,0.0,1.0
184,480,216,320,0.0,1.0,0.0,0.0,0.0,0.0,0.0,1.0
184,472,216,328,0.0,1.0,0.0,0.0,0.0,0.0,0.0,1.0
184,464,216,336,,,,,0.0,0.0,0.0,1.0
192,456,208,344,,,,,,,,
200,448,200,352,,,,,,,,
208,440,192,360,,,,,,,,
216,432,184,368,,,,,,,,
224,424,176,376,,,,,,,,
232,416,168,384,,,,,,,,
240,408,160,392,,,,,,,,
248,400,152,400,,,,,,,,
256,392,144,408,,,,,,,,
264,384,136,416,,,,,,,,
272,376,128,424,,,,,,,,
280,368,120,432,,,,,,,,
288,360,112,440,,,,,,,,
296,352,104,448,,,,,,,,
304,344,96,456,,,,,,,,
312,336,88,464,,,,,,,,
320,328,80,472,0.0,1.0,0.0,0.0,,,,
320,320,80,480,0.0,1.0,0.0,0.0,0.0,0.0,0.0,1.0
320,312,80,488,0.0,1.0,0.0,0.0,0.0,0.0,0.0,1.0
320,304,80,496,0.0,1.0,0.0,0.0,0.0,0.0,0.0,1.0
320,296,80,504,0.0,1.0,0.0,0.0,0.0,0.0,0.0,1.0
320,288,80,512,0.0,1.0,0.0,0.0,0.0,0.0,0.0,1.0
320,280,80,520,,,,,0.0,0.0,0.0,1.0
312,272,88,528,,,,,0.0,0.0,0.0,1.0
304,264,96,536,,,,,0.0,0.0,0.0,1.0
296,256,104,544,,,,,0.0,0.0,0.0,1.0
288,248,112,552,,,,,0.0,0.0,0.0,1.0
280,240,120,560,,,,,,,,
272,232,128,568,,,,,,,,
264,224,136,576,,,,,,,,
256,216,144,584,,,,,,,,
248,208,152,592,,,,,,,,
240,200,160,600,,,,,,,,
232,192,168,608,,,,,,,,
224,184,176,616,,,,,,,,
216,176,184,624,,,,,,,,
208,168,192,632,1.0,0.0,0.0,0.0,,,,
200,168,200,632,1.0,0.0,0.0,0.0,0.0,0.0,1.0,0.0
192,168,208,632,1.0,0.0,0.0,0.0,0.0,0.0,1.0,0.0
184,168,216,632,1.0,0.0,0.0,0.0,0.0,0.0,1.0,0.0
176,168,224,632,1.0,0.0,0.0,0.0,0.0,0.0,1.0,0.0
168,168,232,632,1.0,0.0,0.0,0.0,0.0,0.0,1.0,0.0
160,168,240,632,1.0,0.0,0.0,0.0,0.0,0.0,1.0,0.0
152,168,248,632,1.0,0.0,0.0,0.0,0.0,0.0,1.0,0.0
144,168,256,632,1.0,0.0,0.0,0.0,0.0,0.0,1.0,0.0
136,168,264,632,,,,,0.0,0.0,1.0,0.0
144,176,256,624,,,,,0.0,1.0,0.0,0.0
152,184,248,616,,,,,0.0,1.0,0.0,0.0
160,192,240,608,,,,,0.0,1.0,0.0,0.0
168,200,232,600,,,,,0.0,1.0,0.0,0.0
176,208,224,592,,,,,0.0,1.0,0.0,0.0
184,216,216,584,,,,,0.0,1.0,0.0,0.0
192,224,208,576,,,,,0.0,1.0,0.0,0.0
200,232,200,568,,,,,,,,
208,240,192,560,,,,,,,,
216,248,184,552,,,,,,,,
224,256,176,544,,,,,,,,
232,264,168,536,,,,,,,,
240,272,160,528,,,,,,,,
248,280,152,520,,,,,,,,
256,288,144,512,,,,,,,,
264,296,136,504,,,,,,,,
272,304,128,496,,,,,,,,
280,312,120,488,,,,,,,,
288,320,112,480,,,,,,,,
296,328,104,472,,,,,,,,
304,336,96,464,,,,,,,,
312,344,88,456,,,,,,,,
320,352,80,448,,,,,,,,
328,360,72,440,,,,,,,,
336,368,64,432,,,,,,,,
344,376,56,424,,,,,,,,
344,384,56,416,,,,,0.0,1.0,0.0,0.0
344,392,56,408,,,,,0.0,1.0,0.0,0.0
344,400,56,400,,,,,0.0,1.0,0.0,0.0
344,408,56,392,,,,,0.0,1.0,0.0,0.0
344,416,56,384,,,,,0.0,1.0,0.0,0.0
344,424,56,376,,,,,0.0,1.0,0.0,0.0
344,432,56,368,,,,,0.0,1.0,0.0,0.0
344,440,56,360,,,,,0.0,1.0,0.0,0.0
344,448,56,352,,,,,0.0,1.0,0.0,0.0
344,456,56,344,,,,,0.0,1.0,0.0,0.0
344,464,56,336,,,,,0.0,1.0,0.0,0.0
344,472,56,328,,,,,0.0,1.0,0.0,0.0
344,480,56,320,,,,,0.0,1.0,0.0,0.0
344,488,56,312,,,,,0.0,1.0,0.0,0.0
344,496,56,304,,,,,0.0,1.0,0.0,0.0
344,504,56,296,,,,,0.0,1.0,0.0,0.0
344,512,56,288,,,,,0.0,1.0,0.0,0.0
344,520,56,280,,,,,0.0,1.0,0.0,0.0
344,528,56,272,,,,,0.0,1.0,0.0,0.0
344,536,56,264,,,,,0.0,1.0,0.0,0.0
344,544,56,256,,,,,0.0,1.0,0.0,0.0
344,552,56,248,,,,,0.0,1.0,0.0,0.0
344,560,56,240,,,,,0.0,1.0,0.0,0.0
344,568,56,232,,,,,0.0,1.0,0.0,0.0
344,576,56,224,,,,,0.0,1.0,0.0,0.0
344,584,56,216,,,,,0.0,1.0,0.0,0.0
344,592,56,208,,,,,0.0,1.0,0.0,0.0
344,600,56,200,,,,,0.0,1.0,0.0,0.0
344,608,56,192,,,,,0.0,1.0,0.0,0.0
344,616,56,184,,,,,0.0,1.0,0.0,0.0
344,624,56,176,,,,,0.0,1.0,0.0,0.0
344,632,56,168,,,,,0.0,1.0,0.0,0.0
344,640,56,160,,,,,0.0,1.0,0.0,0.0
336,632,64,168,,,,,0.0,0.0,1.0,0.0
328,624,72,176,,,,,0.0,0.0,1.0,0.0
320,616,80,184,,,,,0.0,0.0,1.0,0.0
312,608,88,192,,,,,0.0,0.0,1.0,0.0
304,600,96,200,,,,,0.0,0.0,1.0,0.0
296,592,104,208,,,,,0.0,0.0,1.0,0.0
288,584,112,216,,,,,0.0,0.0,1.0,0.0
280,576,120,224,,,,,,,,
272,568,128,232,,,,,,,,
264,560,136,240,,,,,,,,
256,552,144,248,,,,,,,,
248,544,152,256,,,,,,,,
240,536,160,264,,,,,,,,
232,528,168,272,,,,,,,,
224,520,176,280,,,,,,,,
216,512,184,288,,,,,,,,
208,504,192,296,,,,,,,,
200,496,200,304,0.0,1.0,0.0,0.0,,,,
200,488,200,312,0.0,1.0,0.0,0.0,0.0,0.0,0.0,1.0
200,480,200,320,0.0,1.0,0.0,0.0,0.0,0.0,0.0,1.0
200,472,200,328,0.0,1.0,0.0,0.0,0.0,0.0,0.0,1.0
200,464,200,336,0.0,1.0,0.0,0.0,0.0,0.0,0.0,1.0
200,456,200,344,0.0,1.0,0.0,0.0,0.0,0.0,0.0,1.0
200,448,200,352,,,,,0.0,0.0,0.0,1.0
208,440,192,360,,,,,0.0,0.0,0.0,1.0
216,432,184,368,,,,,0.0,0.0,0.0,1.0
224,424,176,376,,,,,0.0,0.0,0.0,1.0
232,416,168,384,,,,,0.0,0.0,0.0,1.0
240,408,160,392,,,,,0.0,0.0,0.0,1.0
248,400,152,400,,,,,,,,
256,392,144,408,,,,,,,,
264,384,136,416,,,,,,,,
272,376,128,424,0.0,1.0,0.0,0.0,,,,
272,368,128,432,0.0,1.0,0.0,0.0,0.0,0.0,0.0,1.0
272,360,128,440,0.0,1.0,0.0,0.0,0.0,0.0,0.0,1.0
272,352,128,448,0.0,1.0,0.0,0.0,0.0,0.0,0.0,1.0
272,344,128,456,0.0,1.0,0.0,0.0,0.0,0.0,0.0,1.0
272,336,128,464,0.0,1.0,0.0,0.0,0.0,0.0,0.0,1.0
272,328,128,472,0.0,1.0,0.0,0.0,0.0,0.0,0.0,1.0
272,320,128,480,0.0,1.0,0.0,0.0,0.0,0.0,0.0,1.0
272,312,128,488,0.0,1.0,0.0,0.0,0.0,0.0,0.0,1.0
272,304,128,496,0.0,1.0,0.0,0.0,0.0,0.0,0.0,1.0
272,296,128,504,0.0,1.0,0.0,0.0,0.0,0.0,0.0,1.0
272,288,128,512,0.0,1.0,0.0,0.0,0.0,0.0,0.0,1.0
272,280,128,520,0.0,1.0,0.0,0.0,0.0,0.0,0.0,1.0
272,272,128,528,0.0,1.0,0.0,0.0,0.0,0.0,0.0,1.0
272,264,128,536,0.0,1.0,0.0,0.0,0.0,0.0,0.0,1.0
272,256,128,544,0.0,1.0,0.0,0.0,0.0,0.0,0.0,1.0
272,248,128,552,0.0,1.0,0.0,0.0,0.0,0.0,0.0,1.0
272,240,128,560,0.0,1.0,0.0,0.0,0.0,0.0,0.0,1.0
272,232,128,568,0.0,1.0,0.0,0.0,0.0,0.0,0.0,1.0
272,224,128,576,0.0,1.0,0.0,0.0,0.0,0.0,0.0,1.0
272,216,128,584,0.0,1.0,0.0,0.0,0.0,0.0,0.0,1.0
272,208,128,592,0.0,1.0,0.0,0.0,0.0,0.0,0.0,1.0
272,200,128,600,0.0,1.0,0.0,0.0,0.0,0.0,0.0,1.0
272,192,128,608,0.0,1.0,0.0,0.0,0.0,0.0,0.0,1.0
272,184,128,616,0.0,1.0,0.0,0.0,0.0,0.0,0.0,1.0
272,176,128,624,0.0,1.0,0.0,0.0,0.0,0.0,0.0,1.0
272,168,128,632,0.0,1.0,0.0,0.0,0.0,0.0,0.0,1.0
272,160,128,640,0.0,1.0,0.0,0.0,0.0,0.0,0.0,1.0
272,152,128,648,0.0,1.0,0.0,0.0,0.0,0.0,0.0,1.0
272,144,128,656,0.0,1.0,0.0,0.0,0.0,0.0,0.0,1.0
272,136,128,664,0.0,1.0,0.0,0.0,0.0,0.0,0.0,1.0
272,128,128,672,0.0,1.0,0.0,0.0,0.0,0.0,0.0,1.0
272,120,128,680,0.0,1.0,0.0,0.0,0.0,0.0,0.0,1.0
272,112,128,688,0.0,1.0,0.0,0.0,0.0,0.0,0.0,1.0
272,104,128,696,0.0,1.0,0.0,0.0,0.0,0.0,0.0,1.0
272,96,128,704,0.0,1.0,0.0,0.0,0.0,0.0,0.0,1.0
272,88,128,712,0.0,1.0,0.0,0.0,0.0,0.0,0.0,1.0
272,80,128,720,0.0,1.0,0.0,0.0,0.0,0.0,0.0,1.0
272,72,128,728,0.0,1.0,0.0,0.0,0.0,0.0,0.0,1.0
272,64,128,736,,,,,0.0,0.0,0.0,1.0
264,72,136,728,,,,,0.0,0.0,1.0,0.0
256,80,144,720,,,,,0.0,0.0,1.0,0.0
248,88,152,712,,,,,0.0,0.0,1.0,0.0
248,96,152,704,,,,,0.0,1.0,0.0,0.0
248,104,152,696,,,,,0.0,1.0,0.0,0.0
248,112,152,688,,,,,0.0,1.0,0.0,0.0
248,120,152,680,,,,,0.0,1.0,0.0,0.0
248,128,152,672,,,,,0.0,1.0,0.0,0.0
248,136,152,664,,,,,0.0,1.0,0.0,0.0
248,144,152,656,,,,,0.0,1.0,0.0,0.0
248,152,152,648,,,,,0.0,1.0,0.0,0.0
248,160,152,640,,,,,0.0,1.0,0.0,0.0
248,168,152,632,,,,,0.0,1.0,0.0,0.0
248,176,152,624,,,,,0.0,1.0,0.0,0.0
248,184,152,616,,,,,0.0,1.0,0.0,0.0
248,192,152,608,,,,,0.0,1.0,0.0,0.0
248,200,152,600,,,,,0.0,1.0,0.0,0.0
248,208,152,592,,,,,0.0,1.0,0.0,0.0
248,216,152,584,,,,,0.0,1.0,0.0,0.0
248,224,152,576,,,,,0.0,1.0,0.0,0.0
248,232,152,568,,,,,0.0,1.0,0.0,0.0
248,240,152,560,,,,,0.0,1.0,0.0,0.0
248,248,152,552,,,,,0.0,1.0,0.0,0.0
248,256,152,544,,,,,0.0,1.0,0.0,0.0
248,264,152,536,,,,,0.0,1.0,0.0,0.0
248,272,152,528,,,,,0.0,1.0,0.0,0.0
248,280,152,520,,,,,0.0,1.0,0.0,0.0
248,288,152,512,,,,,0.0,1.0,0.0,0.0
248,296,152,504,,,,,0.0,1.0,0.0,0.0
248,304,152,496,,,,,0.0,1.0,0.0,0.0
248,312,152,488,,,,,0.0,1.0,0.0,0.0
248,320,152,480,,,,,0.0,1.0,0.0,0.0
248,328,152,472,,,,,0.0,1.0,0.0,0.0
248,336,152,464,,,,,0.0,1.0,0.0,0.0
248,344,152,456,,,,,0.0,1.0,0.0,0.0
248,352,152,448,,,,,0.0,1.0,0.0,0.0
248,360,152,440,,,,,0.0,1.0,0.0,0.0
248,368,152,432,,,,,0.0,1.0,0.0,0.0
248,376,152,424,,,,,0.0,1.0,0.0,0.0
248,384,152,416,,,,,0.0,1.0,0.0,0.0
248,392,152,408,,,,,0.0,1.0,0.0,0.0
248,400,152,400,,,,,0.0,1.0,0.0,0.0
248,408,152,392,,,,,0.0,1.0,0.0,0.0
248,416,152,384,,,,,0.0,1.0,0.0,0.0
248,424,152,376,,,,,0.0,1.0,0.0,0.0
248,432,152,368,,,,,0.0,1.0,0.0,0.0
248,440,152,360,,,,,0.0,1.0,0.0,0.0
248,448,152,352,,,,,0.0,1.0,0.0,0.0
248,456,152,344,,,,,0.0,1.0,0.0,0.0
248,464,152,336,,,,,0.0,1.0,0.0,0.0
248,472,152,328,,,,,0.0,1.0,0.0,0.0
248,480,152,320,,,,,0.0,1.0,0.0,0.0
248,488,152,312,,,,,0.0,1.0,0.0,0.0
248,496,152,304,,,,,0.0,1.0,0.0,0.0
240,488,160,312,,,,,0.0,0.0,1.0,0.0
232,480,168,320,,,,,0.0,0.0,1.0,0.0
224,472,176,328,,,,,0.0,0.0,1.0,0.0
216,464,184,336,,,,,0.0,0.0,1.0,0.0
208,456,192,344,,,,,0.0,0.0,1.0,0.0
200,448,200,352,,,,,0.0,0.0,1.0,0.0
192,440,208,360,,,,,0.0,0.0,1.0,0.0
184,432,216,368,,,,,0.0,0.0,1.0,0.0
176,424,224,376,,,,,,,,
168,416,232,384,,,,,,,,
160,408,240,392,,,,,,,,
152,400,248,400,,,,,,,,
144,392,256,408,,,,,,,,
136,384,264,416,,,,,,,,
128,376,272,424,,,,,,,,
120,368,280,432,,,,,,,,
112,360,288,440,,,,,,,,
104,352,296,448,,,,,,,,
96,344,304,456,,,,,,,,
88,336,312,464,,,,,,,,
80,328,320,472,,,,,,,,
72,320,328,480,0.0,1.0,0.0,0.0,,,,
72,312,328,488,0.0,1.0,0.0,0.0,0.0,0.0,0.0,1.0
72,304,328,496,0.0,1.0,0.0,0.0,0.0,0.0,0.0,1.0
72,296,328,504,0.0,1.0,0.0,0.0,0.0,0.0,0.0,1.0
72,288,328,512,,,,,0.0,0.0,0.0,1.0
80,280,320,520,,,,,0.0,0.0,0.0,1.0
88,272,312,528,,,,,0.0,0.0,0.0,1.0
96,264,304,536,,,,,0.0,0.0,0.0,1.0
104,256,296,544,,,,,0.0,0.0,0.0,1.0
112,248,288,552,,,,,0.0,0.0,0.0,1.0
120,240,280,560,,,,,0.0,0.0,0.0,1.0
128,232,272,568,,,,,0.0,0.0,0.0,1.0
136,224,264,576,,,,,,,,
144,216,256,584,,,,,,,,
152,208,248,592,,,,,,,,
160,200,240,600,,,,,,,,
168,192,232,608,,,,,,,,
176,184,224,616,,,,,,,,
184,176,216,624,,,,,,,,
192,168,208,632,,,,,,,,
200,160,200,640,,,,,,,,
208,152,192,648,,,,,,,,
216,144,184,656,,,,,,,,
224,136,176,664,,,,,,,,
232,128,168,672,,,,,,,,
240,120,160,680,,,,,,,,
248,112,152,688,,,,,,,,
256,104,144,696,,,,,,,,
264,96,136,704,,,,,,,,
272,88,128,712,,,,,,,,
280,80,120,720,,,,,,,,
288,72,112,728,,,,,,,,
296,64,104,736,0.0,0.0,1.0,0.0,,,,
304,64,96,736,0.0,0.0,1.0,0.0,1.0,0.0,0.0,0.0
312,64,88,736,0.0,0.0,1.0,0.0,1.0,0.0,0.0,0.0
320,64,80,736,,,,,1.0,0.0,0.0,0.0
312,72,88,728,,,,,0.0,1.0,0.0,0.0
304,80,96,720,,,,,0.0,1.0,0.0,0.0
296,88,104,712,,,,,0.0,1.0,0.0,0.0
288,96,112,704,,,,,0.0,1.0,0.0,0.0
280,104,120,696,,,,,0.0,1.0,0.0,0.0
272,112,128,688,,,,,0.0,1.0,0.0,0.0
264,120,136,680,,,,,0.0,1.0,0.0,0.0
256,128,144,672,,,,,0.0,1.0,0.0,0.0
248,136,152,664,,,,,0.0,1.0,0.0,0.0
240,144,160,656,,,,,,,,
232,152,168,648,,,,,,,,
224,160,176,640,,,,,,,,
216,168,184,632,,,,,,,,
208,176,192,624,,,,,,,,
208,184,192,616,,,,,0.0,1.0,0.0,0.0
208,192,192,608,,,,,0.0,1.0,0.0,0.0
208,200,192,600,,,,,0.0,1.0,0.0,0.0
208,208,192,592,,,,,0.0,1.0,0.0,0.0
208,216,192,584,,,,,0.0,1.0,0.0,0.0
208,224,192,576,,,,,0.0,1.0,0.0,0.0
208,232,192,568,,,,,0.0,1.0,0.0,0.0
208,240,192,560,,,,,0.0,1.0,0.0,0.0
208,248,192,552,,,,,0.0,1.0,0.0,0.0
208,256,192,544,,,,,0.0,1.0,0.0,0.0
208,264,192,536,,,,,0.0,1.0,0.0,0.0
208,272,192,528,,,,,0.0,1.0,0.0,0.0
208,280,192,520,,,,,0.0,1.0,0.0,0.0
208,288,192,512,,,,,0.0,1.0,0.0,0.0
208,296,192,504,,,,,0.0,1.0,0.0,0.0
208,304,192,496,,,,,0.0,1.0,0.0,0.0
208,312,192,488,,,,,0.0,1.0,0.0,0.0
208,320,192,480,,,,,0.0,1.0,0.0,0.0
208,328,192,472,,,,,0.0,1.0,0.0,0.0
208,336,192,464,,,,,0.0,1.0,0.0,0.0
208,344,192,456,,,,,0.0,1.0,0.0,0.0
208,352,192,448,,,,,0.0,1.0,0.0,0.0
208,360,192,440,,,,,0.0,1.0,0.0,0.0
208,368,192,432,,,,,0.0,1.0,0.0,0.0
208,376,192,424,,,,,0.0,1.0,0.0,0.0
208,384,192,416,,,,,0.0,1.0,0.0,0.0
208,392,192,408,,,,,0.0,1.0,0.0,0.0
208,400,192,400,,,,,0.0,1.0,0.0,0.0
208,408,192,392,,,,,0.0,1.0,0.0,0.0
208,416,192,384,,,,,0.0,1.0,0.0,0.0
208,424,192,376,,,,,0.0,1.0,0.0,0.0
208,432,192,368,,,,,0.0,1.0,0.0,0.0
208,440,192,360,,,,,0.0,1.0,0.0,0.0
200,432,200,368,,,,,0.0,0.0,1.0,0.0
192,424,208,376,,,,,0.0,0.0,1.0,0.0
184,416,216,384,,,,,0.0,0.0,1.0,0.0
176,408,224,392,,,,,0.0,0.0,1.0,0.0
168,400,232,400,,,,,0.0,0.0,1.0,0.0
160,392,240,408,,,,,0.0,0.0,1.0,0.0
152,384,248,416,,,,,0.0,0.0,1.0,0.0
144,376,256,424,,,,,0.0,0.0,1.0,0.0
136,368,264,432,,,,,0.0,0.0,1.0,0.0
128,360,272,440,,,,,0.0,0.0,1.0,0.0
120,352,280,448,,,,,,,,
112,344,288,456,,,,,,,,
104,336,296,464,,,,,,,,
96,328,304,472,,,,,,,,
88,320,312,480,,,,,,,,
80,312,320,488,,,,,,,,
72,304,328,496,1.0,0.0,0.0,0.0,,,,
64,304,336,496,1.0,0.0,0.0,0.0,0.0,0.0,1.0,0.0
56,304,344,496,1.0,0.0,0.0,0.0,0.0,0.0,1.0,0.0
48,304,352,496,1.0,0.0,0.0,0.0,0.0,0.0,1.0,0.0
40,304,360,496,1.0,0.0,0.0,0.0,0.0,0.0,1.0,0.0
32,304,368,496,,,,,0.0,0.0,1.0,0.0
40,312,360,488,,,,,0.0,1.0,0.0,0.0
48,320,352,480,,,,,0.0,1.0,0.0,0.0
56,328,344,472,,,,,0.0,1.0,0.0,0.0
64,336,336,464,,,,,0.0,1.0,0.0,0.0
72,344,328,456,,,,,0.0,1.0,0.0,0.0
80,352,320,448,,,,,0.0,1.0,0.0,0.0
88,360,312,440,,,,,0.0,1.0,0.0,0.0
96,368,304,432,,,,,0.0,1.0,0.0,0.0
104,376,296,424,,,,,0.0,1.0,0.0,0.0
112,384,288,416,,,,,0.0,1.0,0.0,0.0
120,392,280,408,,,,,,,,
128,400,272,400,,,,,,,,
136,408,264,392,,,,,,,,
144,416,256,384,,,,,,,,
152,424,248,376,,,,,,,,
160,432,240,368,,,,,,,,
168,440,232,360,,,,,,,,
176,448,224,352,,,,,,,,
184,456,216,344,,,,,,,,
192,464,208,336,,,,,,,,
200,472,200,328,,,,,,,,
208,480,192,320,,,,,,,,
216,488,184,312,,,,,,,,
216,496,184,304,,,,,0.0,1.0,0.0,0.0
216,504,184,296,,,,,0.0,1.0,0.0,0.0
216,512,184,288,,,,,0.0,1.0,0.0,0.0
216,520,184,280,,,,,0.0,1.0,0.0,0.0
216,528,184,272,,,,,0.0,1.0,0.0,0.0
216,536,184,264,,,,,0.0,1.0,0.0,0.0
216,544,184,256,,,,,0.0,1.0,0.0,0.0
216,552,184,248,,,,,0.0,1.0,0.0,0.0
216,560,184,240,,,,,0.0,1.0,0.0,0.0
216,568,184,232,,,,,0.0,1.0,0.0,0.0
216,576,184,224,,,,,0.0,1.0,0.0,0.0
216,584,184,216,,,,,0.0,1.0,0.0,0.0
216,592,184,208,,,,,0.0,1.0,0.0,0.0
216,600,184,200,,,,,0.0,1.0,0.0,0.0
216,608,184,192,,,,,0.0,1.0,0.0,0.0
216,616,184,184,,,,,0.0,1.0,0.0,0.0
216,624,184,176,,,,,0.0,1.0,0.0,0.0
216,632,184,168,,,,,0.0,1.0,0.0,0.0
216,640,184,160,,,,,0.0,1.0,0.0,0.0
216,648,184,152,,,,,0.0,1.0,0.0,0.0
216,656,184,144,,,,,0.0,1.0,0.0,0.0
216,664,184,136,,,,,0.0,1.0,0.0,0.0
216,672,184,128,,,,,0.0,1.0,0.0,0.0
216,680,184,120,,,,,0.0,1.0,0.0,0.0
216,688,184,112,,,,,0.0,1.0,0.0,0.0
216,696,184,104,,,,,0.0,1.0,0.0,0.0
208,688,192,112,,,,,0.0,0.0,1.0,0.0
200,680,200,120,,,,,0.0,0.0,1.0,0.0
192,672,208,128,,,,,0.0,0.0,1.0,0.0
184,664,216,136,,,,,0.0,0.0,1.0,0.0
176,656,224,144,,,,,0.0,0.0,1.0,0.0
168,648,232,152,,,,,0.0,0.0,1.0,0.0
160,640,240,160,,,,,0.0,0.0,1.0,0.0
152,632,248,168,,,,,0.0,0.0,1.0,0.0
144,624,256,176,0.0,1.0,0.0,0.0,0.0,0.0,1.0,0.0
144,616,256,184,0.0,1.0,0.0,0.0,0.0,0.0,0.0,1.0
144,608,256,192,0.0,1.0,0.0,0.0,0.0,0.0,0.0,1.0
144,600,256,200,0.0,1.0,0.0,0.0,0.0,0.0,0.0,1.0
144,592,256,208,0.0,1.0,0.0,0.0,0.0,0.0,0.0,1.0
144,584,256,216,0.0,1.0,0.0,0.0,0.0,0.0,0.0,1.0
144,576,256,224,0.0,1.0,0.0,0.0,0.0,0.0,0.0,1.0
144,568,256,232,0.0,1.0,0.0,0.0,0.0,0.0,0.0,1.0
144,560,256,240,0.0,1.0,0.0,0.0,0.0,0.0,0.0,1.0
144,552,256,248,0.0,1.0,0.0,0.0,0.0,0.0,0.0,1.0
144,544,256,256,0.0,1.0,0.0,0.0,0.0,0.0,0.0,1.0
144,536,256,264,0.0,1.0,0.0,0.0,0.0,0.0,0.0,1.0
144,528,256,272,0.0,1.0,0.0,0.0,0.0,0.0,0.0,1.0
144,520,256,280,0.0,1.0,0.0,0.0,0.0,0.0,0.0,1.0
144,512,256,288,0.0,1.0,0.0,0.0,0.0,0.0,0.0,1.0
144,504,256,296,0.0,1.0,0.0,0.0,0.0,0.0,0.0,1.0
144,496,256,304,0.0,1.0,0.0,0.0,0.0,0.0,0.0,1.0
144,488,256,312,0.0,1.0,0.0,0.0,0.0,0.0,0.0,1.0
144,480,256,320,0.0,1.0,0.0,0.0,0.0,0.0,0.0,1.0
144,472,256,328,0.0,1.0,0.0,0.0,0.0,0.0,0.0,1.0
144,464,256,336,0.0,1.0,0.0,0.0,0.0,0.0,0.0,1.0
144,456,256,344,0.0,1.0,0.0,0.0,0.0,0.0,0.0,1.0
144,448,256,352,0.0,1.0,0.0,0.0,0.0,0.0,0.0,1.0
144,440,256,360,0.0,1.0,0.0,0.0,0.0,0.0,0.0,1.0
144,432,256,368,0.0,1.0,0.0,0.0,0.0,0.0,0.0,1.0
144,424,256,376,0.0,1.0,0.0,0.0,0.0,0.0,0.0,1.0
144,416,256,384,0.0,1.0,0.0,0.0,0.0,0.0,0.0,1.0
144,408,256,392,0.0,1.0,0.0,0.0,0.0,0.0,0.0,1.0
144,400,256,400,0.0,1.0,0.0,0.0,0.0,0.0,0.0,1.0
144,392,256,408,0.0,1.0,0.0,0.0,0.0,0.0,0.0,1.0
144,384,256,416,0.0,1.0,0.0,0.0,0.0,0.0,0.0,1.0
144,376,256,424,0.0,1.0,0.0,0.0,0.0,0.0,0.0,1.0
144,368,256,432,0.0,1.0,0.0,0.0,0.0,0.0,0.0,1.0
144,360,256,440,0.0,1.0,0.0,0.0,0.0,0.0,0.0,1.0
144,352,256,448,0.0,1.0,0.0,0.0,0.0,0.0,0.0,1.0
144,344,256,456,0.0,1.0,0.0,0.0,0.0,0.0,0.0,1.0
144,336,256,464,0.0,1.0,0.0,0.0,0.0,0.0,0.0,1.0
144,328,256,472,0.0,1.0,0.0,0.0,0.0,0.0,0.0,1.0
144,320,256,480,0.0,1.0,0.0,0.0,0.0,0.0,0.0,1.0
144,312,256,488,0.0,1.0,0.0,0.0,0.0,0.0,0.0,1.0
144,304,256,496,0.0,1.0,0.0,0.0,0.0,0.0,0.0,1.0
144,296,256,504,0.0,1.0,0.0,0.0,0.0,0.0,0.0,1.0
144,288,256,512,0.0,1.0,0.0,0.0,0.0,0.0,0.0,1.0
144,280,256,520,0.0,1.0,0.0,0.0,0.0,0.0,0.0,1.0
144,272,256,528,0.0,1.0,0.0,0.0,0.0,0.0,0.0,1.0
144,264,256,536,0.0,1.0,0.0,0.0,0.0,0.0,0.0,1.0
144,256,256,544,0.0,1.0,0.0,0.0,0.0,0.0,0.0,1.0
144,248,256,552,0.0,1.0,0.0,0.0,0.0,0.0,0.0,1.0
144,240,256,560,0.0,1.0,0.0,0.0,0.0,0.0,0.0,1.0
144,232,256,568,0.0,1.0,0.0,0.0,0.0,0.0,0.0,1.0
144,224,256,576,0.0,1.0,0.0,0.0,0.0,0.0,0.0,1.0
144,216,256,584,0.0,1.0,0.0,0.0,0.0,0.0,0.0,1.0
144,208,256,592,0.0,1.0,0.0,0.0,0.0,0.0,0.0,1.0
144,200,256,600,0.0,1.0,0.0,0.0,0.0,0.0,0.0,1.0
144,192,256,608,0.0,1.0,0.0,0.0,0.0,0.0,0.0,1.0
144,184,256,616,0.0,1.0,0.0,0.0,0.0,0.0,0.0,1.0
144,176,256,624,0.0,1.0,0.0,0.0,0.0,0.0,0.0,1.0
144,168,256,632,0.0,1.0,0.0,0.0,0.0,0.0,0.0,1.0
144,160,256,640,0.0,1.0,0.0,0.0,0.0,0.0,0.0,1.0
144,152,256,648,0.0,1.0,0.0,0.0,0.0,0.0,0.0,1.0
144,144,256,656,0.0,1.0,0.0,0.0,0.0,0.0,0.0,1.0
144,136,256,664,0.0,1.0,0.0,0.0,0.0,0.0,0.0,1.0
144,128,256,672,0.0,1.0,0.0,0.0,0.0,0.0,0.0,1.0
144,120,256,680,0.0,1.0,0.0,0.0,0.0,0.0,0.0,1.0
144,112,256,688,0.0,1.0,0.0,0.0,0.0,0.0,0.0,1.0
144,104,256,696,0.0,1.0,0.0,0.0,0.0,0.0,0.0,1.0
144,96,256,704,0.0,1.0,0.0,0.0,0.0,0.0,0.0,1.0
144,88,256,712,0.0,1.0,0.0,0.0,0.0,0.0,0.0,1.0
144,80,256,720,0.0,1.0,0.0,0.0,0.0,0.0,0.0,1.0
144,72,256,728,0.0,1.0,0.0,0.0,0.0,0.0,0.0,1.0
144,64,256,736,0.0,1.0,0.0,0.0,0.0,0.0,0.0,1.0
144,56,256,744,0.0,1.0,0.0,0.0,0.0,0.0,0.0,1.0
144,48,256,752,,,,,0.0,0.0,0.0,1.0
136,56,264,744,,,,,0.0,0.0,1.0,0.0
128,64,272,736,,,,,0.0,0.0,1.0,0.0
120,72,280,728,,,,,0.0,0.0,1.0,0.0
112,80,288,720,,,,,0.0,0.0,1.0,0.0
104,88,296,712,,,,,0.0,0.0,1.0,0.0
104,96,296,704,,,,,0.0,1.0,0.0,0.0
104,104,296,696,,,,,0.0,1.0,0.0,0.0
104,112,296,688,,,,,0.0,1.0,0.0,0.0
104,120,296,680,,,,,0.0,1.0,0.0,0.0
104,128,296,672,,,,,0.0,1.0,0.0,0.0
104,136,296,664,,,,,0.0,1.0,0.0,0.0
104,144,296,656,,,,,0.0,1.0,0.0,0.0
104,152,296,648,,,,,0.0,1.0,0.0,0.0
104,160,296,640,,,,,0.0,1.0,0.0,0.0
104,168,296,632,,,,,0.0,1.0,0.0,0.0
104,176,296,624,,,,,0.0,1.0,0.0,0.0
104,184,296,616,,,,,0.0,1.0,0.0,0.0
104,192,296,608,,,,,0.0,1.0,0.0,0.0
104,200,296,600,,,,,0.0,1.0,0.0,0.0
104,208,296,592,,,,,0.0,1.0,0.0,0.0
104,216,296,584,,,,,0.0,1.0,0.0,0.0
104,224,296,576,,,,,0.0,1.0,0.0,0.0
104,232,296,568,,,,,0.0,1.0,0.0,0.0
104,240,296,560,,,,,0.0,1.0,0.0,0.0
104,248,296,552,,,,,0.0,1.0,0.0,0.0
104,256,296,544,,,,,0.0,1.0,0.0,0.0
104,264,296,536,,,,,0.0,1.0,0.0,0.0
104,272,296,528,,,,,0.0,1.0,0.0,0.0
104,280,296,520,,,,,0.0,1.0,0.0,0.0
104,288,296,512,,,,,0.0,1.0,0.0,0.0
104,296,296,504,,,,,0.0,1.0,0.0,0.0
104,304,296,496,,,,,0.0,1.0,0.0,0.0
104,312,296,488,,,,,0.0,1.0,0.0,0.0
104,320,296,480,,,,,0.0,1.0,0.0,0.0
104,328,296,472,,,,,0.0,1.0,0.0,0.0
104,336,296,464,,,,,0.0,1.0,0.0,0.0
104,344,296,456,,,,,0.0,1.0,0.0,0.0
104,352,296,448,,,,,0.0,1.0,0.0,0.0
104,360,296,440,,,,,0.0,1.0,0.0,0.0
104,368,296,432,,,,,0.0,1.0,0.0,0.0
104,376,296,424,,,,,0.0,1.0,0.0,0.0
104,384,296,416,,,,,0.0,1.0,0.0,0.0
104,392,296,408,,,,,0.0,1.0,0.0,0.0
104,400,296,400,,,,,0.0,1.0,0.0,0.0
96,408,304,392,,,,,,,,
88,416,312,384,,,,,,,,
80,424,320,376,,,,,,,,
72,432,328,368,,,,,,,,
64,440,336,360,,,,,,,,
56,448,344,352,,,,,,,,
56,456,344,344,,,,,0.0,1.0,0.0,0.0
56,464,344,336,,,,,0.0,1.0,0.0,0.0
56,472,344,328,,,,,0.0,1.0,0.0,0.0
56,480,344,320,,,,,0.0,1.0,0.0,0.0
56,488,344,312,,,,,0.0,1.0,0.0,0.0
56,496,344,304,,,,,0.0,1.0,0.0,0.0
64,488,336,312,,,,,1.0,0.0,0.0,0.0
72,480,328,320,0.0,0.0,1.0,0.0,1.0,0.0,0.0,0.0
80,480,320,320,0.0,0.0,1.0,0.0,1.0,0.0,0.0,0.0
88,480,312,320,0.0,0.0,1.0,0.0,1.0,0.0,0.0,0.0
96,480,304,320,0.0,0.0,1.0,0.0,1.0,0.0,0.0,0.0
104,480,296,320,0.0,0.0,1.0,0.0,1.0,0.0,0.0,0.0
112,480,288,320,0.0,0.0,1.0,0.0,1.0,0.0,0.0,0.0
120,480,280,320,0.0,0.0,1.0,0.0,1.0,0.0,0.0,0.0
128,480,272,320,0.0,0.0,1.0,0.0,1.0,0.0,0.0,0.0
136,480,264,320,0.0,0.0,1.0,0.0,1.0,0.0,0.0,0.0
144,480,256,320,0.0,0.0,1.0,0.0,1.0,0.0,0.0,0.0
152,480,248,320,0.0,0.0,1.0,0.0,1.0,0.0,0.0,0.0
160,480,240,320,0.0,0.0,1.0,0.0,1.0,0.0,0.0,0.0
168,480,232,320,0.0,0.0,1.0,0.0,1.0,0.0,0.0,0.0
176,480,224,320,0.0,0.0,1.0,0.0,1.0,0.0,0.0,0.0
184,480,216,320,0.0,0.0,1.0,0.0,1.0,0.0,0.0,0.0
192,480,208,320,0.0,0.0,1.0,0.0,1.0,0.0,0.0,0.0
200,480,200,320,0.0,0.0,1.0,0.0,1.0,0.0,0.0,0.0
208,480,192,320,0.0,0.0,1.0,0.0,1.0,0.0,0.0,0.0
216,480,184,320,0.0,0.0,1.0,0.0,1.0,0.0,0.0,0.0
224,480,176,320,0.0,0.0,1.0,0.0,1.0,0.0,0.0,0.0
232,480,168,320,0.0,0.0,1.0,0.0,1.0,0.0,0.0,0.0
240,480,160,320,0.0,0.0,1.0,0.0,1.0,0.0,0.0,0.0
248,480,152,320,0.0,0.0,1.0,0.0,1.0,0.0,0.0,0.0
256,480,144,320,0.0,0.0,1.0,0.0,1.0,0.0,0.0,0.0
264,480,136,320,0.0,0.0,1.0,0.0,1.0,0.0,0.0,0.0
272,480,128,320,0.0,0.0,1.0,0.0,1.0,0.0,0.0,0.0
280,480,120,320,0.0,0.0,1.0,0.0,1.0,0.0,0.0,0.0
288,480,112,320,,,,,1.0,0.0,0.0,0.0
296,472,104,328,,,,,,,,
304,464,96,336,,,,,,,,
312,456,88,344,,,,,,,,
320,448,80,352,,,,,,,,
328,440,72,360,,,,,,,,
336,432,64,368,,,,,,,,
344,424,56,376,,,,,,,,
352,416,48,384,,,,,,,,
360,408,40,392,,,,,,,,
368,400,32,400,0.0,1.0,0.0,0.0,,,,
368,392,32,408,0.0,1.0,0.0,0.0,0.0,0.0,0.0,1.0
368,384,32,416,0.0,1.0,0.0,0.0,0.0,0.0,0.0,1.0
368,376,32,424,0.0,1.0,0.0,0.0,0.0,0.0,0.0,1.0
368,368,32,432,0.0,1.0,0.0,0.0,0.0,0.0,0.0,1.0
368,360,32,440,0.0,1.0,0.0,0.0,0.0,0.0,0.0,1.0
368,352,32,448,0.0,1.0,0.0,0.0,0.0,0.0,0.0,1.0
368,344,32,456,0.0,1.0,0.0,0.0,0.0,0.0,0.0,1.0
368,336,32,464,0.0,1.0,0.0,0.0,0.0,0.0,0.0,1.0
368,328,32,472,0.0,1.0,0.0,0.0,0.0,0.0,0.0,1.0
368,320,32,480,0.0,1.0,0.0,0.0,0.0,0.0,0.0,1.0
368,312,32,488,0.0,1.0,0.0,0.0,0.0,0.0,0.0,1.0
368,304,32,496,0.0,1.0,0.0,0.0,0.0,0.0,0.0,1.0
368,296,32,504,0.0,1.0,0.0,0.0,0.0,0.0,0.0,1.0
368,288,32,512,0.0,1.0,0.0,0.0,0.0,0.0,0.0,1.0
368,280,32,520,0.0,1.0,0.0,0.0,0.0,0.0,0.0,1.0
368,272,32,528,0.0,1.0,0.0,0.0,0.0,0.0,0.0,1.0
368,264,32,536,0.0,1.0,0.0,0.0,0.0,0.0,0.0,1.0
368,256,32,544,0.0,1.0,0.0,0.0,0.0,0.0,0.0,1.0
368,248,32,552,0.0,1.0,0.0,0.0,0.0,0.0,0.0,1.0
368,240,32,560,0.0,1.0,0.0,0.0,0.0,0.0,0.0,1.0
368,232,32,568,0.0,1.0,0.0,0.0,0.0,0.0,0.0,1.0
368,224,32,576,0.0,1.0,0.0,0.0,0.0,0.0,0.0,1.0
368,216,32,584,0.0,1.0,0.0,0.0,0.0,0.0,0.0,1.0
368,208,32,592,0.0,1.0,0.0,0.0,0.0,0.0,0.0,1.0
368,200,32,600,0.0,1.0,0.0,0.0,0.0,0.0,0.0,1.0
368,192,32,608,0.0,1.0,0.0,0.0,0.0,0.0,0.0,1.0
368,184,32,616,0.0,1.0,0.0,0.0,0.0,0.0,0.0,1.0
368,176,32,624,0.0,1.0,0.0,0.0,0.0,0.0,0.0,1.0
368,168,32,632,0.0,1.0,0.0,0.0,0.0,0.0,0.0,1.0
368,160,32,640,0.0,1.0,0.0,0.0,0.0,0.0,0.0,1.0
368,152,32,648,0.0,1.0,0.0,0.0,0.0,0.0,0.0,1.0
368,144,32,656,0.0,1.0,0.0,0.0,0.0,0.0,0.0,1.0
368,136,32,664,0.0,1.0,0.0,0.0,0.0,0.0,0.0,1.0
368,128,32,672,0.0,1.0,0.0,0.0,0.0,0.0,0.0,1.0
368,120,32,680,0.0,1.0,0.0,0.0,0.0,0.0,0.0,1.0
368,112,32,688,0.0,1.0,0.0,0.0,0.0,0.0,0.0,1.0
368,104,32,696,0.0,1.0,0.0,0.0,0.0,0.0,0.0,1.0
368,96,32,704,0.0,1.0,0.0,0.0,0.0,0.0,0.0,1.0
368,88,32,712,0.0,1.0,0.0,0.0,0.0,0.0,0.0,1.0
368,80,32,720,0.0,1.0,0.0,0.0,0.0,0.0,0.0,1.0
368,72,32,728,0.0,1.0,0.0,0.0,0.0,0.0,0.0,1.0
368,64,32,736,0.0,1.0,0.0,0.0,0.0,0.0,0.0,1.0
368,56,32,744,0.0,1.0,0.0,0.0,0.0,0.0,0.0,1.0
368,48,32,752,0.0,1.0,0.0,0.0,0.0,0.0,0.0,1.0
368,40,32,760,,,,,0.0,0.0,0.0,1.0
360,48,40,752,,,,,0.0,0.0,1.0,0.0
352,56,48,744,,,,,0.0,0.0,1.0,0.0
344,64,56,736,,,,,0.0,0.0,1.0,0.0
336,72,64,728,,,,,0.0,0.0,1.0,0.0
328,80,72,720,,,,,0.0,0.0,1.0,0.0
320,88,80,712,,,,,0.0,0.0,1.0,0.0
312,96,88,704,,,,,0.0,0.0,1.0,0.0
304,104,96,696,,,,,0.0,0.0,1.0,0.0
296,112,104,688,,,,,0.0,0.0,1.0,0.0
288,120,112,680,,,,,0.0,0.0,1.0,0.0
280,128,120,672,,,,,0.0,0.0,1.0,0.0
272,136,128,664,,,,,0.0,0.0,1.0,0.0
264,144,136,656,,,,,0.0,0.0,1.0,0.0
256,152,144,648,,,,,0.0,0.0,1.0,0.0
248,160,152,640,,,,,,,,
240,168,160,632,,,,,,,,
232,176,168,624,,,,,,,,
224,184,176,616,,,,,,,,
216,192,184,608,,,,,,,,
216,200,184,600,,,,,0.0,1.0,0.0,0.0
216,208,184,592,,,,,0.0,1.0,0.0,0.0
216,216,184,584,,,,,0.0,1.0,0.0,0.0
216,224,184,576,,,,,0.0,1.0,0.0,0.0
216,232,184,568,,,,,0.0,1.0,0.0,0.0
216,240,184,560,,,,,0.0,1.0,0.0,0.0
216,248,184,552,,,,,0.0,1.0,0.0,0.0
216,256,184,544,,,,,0.0,1.0,0.0,0.0
216,264,184,536,,,,,0.0,1.0,0.0,0.0
216,272,184,528,,,,,0.0,1.0,0.0,0.0
216,280,184,520,,,,,0.0,1.0,0.0,0.0
216,288,184,512,,,,,0.0,1.0,0.0,0.0
216,296,184,504,,,,,0.0,1.0,0.0,0.0
216,304,184,496,,,,,0.0,1.0,0.0,0.0
216,312,184,488,,,,,0.0,1.0,0.0,0.0
216,320,184,480,,,,,0.0,1.0,0.0,0.0
216,328,184,472,,,,,0.0,1.0,0.0,0.0
216,336,184,464,,,,,0.0,1.0,0.0,0.0
216,344,184,456,,,,,0.0,1.0,0.0,0.0
216,352,184,448,,,,,0.0,1.0,0.0,0.0
216,360,184,440,,,,,0.0,1.0,0.0,0.0
216,368,184,432,,,,,0.0,1.0,0.0,0.0
216,376,184,424,,,,,0.0,1.0,0.0,0.0
216,384,184,416,,,,,0.0,1.0,0.0,0.0
216,392,184,408,,,,,0.0,1.0,0.0,0.0
216,400,184,400,,,,,0.0,1.0,0.0,0.0
216,408,184,392,,,,,0.0,1.0,0.0,0.0
216,416,184,384,,,,,0.0,1.0,0.0,0.0
216,424,184,376,,,,,0.0,1.0,0.0,0.0
216,432,184,368,,,,,0.0,1.0,0.0,0.0
216,440,184,360,,,,,0.0,1.0,0.0,0.0
216,448,184,352,,,,,0.0,1.0,0.0,0.0
216,456,184,344,,,,,0.0,1.0,0.0,0.0
216,464,184,336,,,,,0.0,1.0,0.0,0.0
216,472,184,328,,,,,0.0,1.0,0.0,0.0
216,480,184,320,,,,,0.0,1.0,0.0,0.0
216,488,184,312,,,,,0.0,1.0,0.0,0.0
216,496,184,304,,,,,0.0,1.0,0.0,0.0
216,504,184,296,,,,,0.0,1.0,0.0,0.0
216,512,184,288,,,,,0.0,1.0,0.0,0.0
216,520,184,280,,,,,0.0,1.0,0.0,0.0
216,528,184,272,,,,,0.0,1.0,0.0,0.0
216,536,184,264,0.0,0.0,1.0,0.0,0.0,1.0,0.0,0.0
224,536,176,264,0.0,0.0,1.0,0.0,1.0,0.0,0.0,0.0
232,536,168,264,0.0,0.0,1.0,0.0,1.0,0.0,0.0,0.0
240,536,160,264,0.0,0.0,1.0,0.0,1.0,0.0,0.0,0.0
248,536,152,264,0.0,0.0,1.0,0.0,1.0,0.0,0.0,0.0
256,536,144,264,0.0,0.0,1.0,0.0,1.0,0.0,0.0,0.0
264,536,136,264,0.0,0.0,1.0,0.0,1.0,0.0,0.0,0.0
272,536,128,264,0.0,0.0,1.0,0.0,1.0,0.0,0.0,0.0
280,536,120,264,0.0,0.0,1.0,0.0,1.0,0.0,0.0,0.0
288,536,112,264,0.0,0.0,1.0,0.0,1.0,0.0,0.0,0.0
296,536,104,264,0.0,0.0,1.0,0.0,1.0,0.0,0.0,0.0
304,536,96,264,0.0,0.0,1.0,0.0,1.0,0.0,0.0,0.0
312,536,88,264,0.0,0.0,1.0,0.0,1.0,0.0,0.0,0.0
320,536,80,264,0.0,0.0,1.0,0.0,1.0,0.0,0.0,0.0
328,536,72,264,0.0,0.0,1.0,0.0,1.0,0.0,0.0,0.0
336,536,64,264,0.0,0.0,1.0,0.0,1.0,0.0,0.0,0.0
344,536,56,264,0.0,0.0,1.0,0.0,1.0,0.0,0.0,0.0
352,536,48,264,0.0,0.0,1.0,0.0,1.0,0.0,0.0,0.0
360,536,40,264,,,,,1.0,0.0,0.0,0.0
352,544,48,256,,,,,0.0,1.0,0.0,0.0
344,552,56,248,,,,,0.0,1.0,0.0,0.0
336,560,64,240,,,,,0.0,1.0,0.0,0.0
328,568,72,232,,,,,0.0,1.0,0.0,0.0
320,576,80,224,,,,,0.0,1.0,0.0,0.0
312,584,88,216,,,,,0.0,1.0,0.0,0.0
304,592,96,208,,,,,0.0,1.0,0.0,0.0
296,600,104,200,,,,,0.0,1.0,0.0,0.0
288,608,112,192,,,,,0.0,1.0,0.0,0.0
280,616,120,184,,,,,0.0,1.0,0.0,0.0
272,624,128,176,,,,,0.0,1.0,0.0,0.0
264,632,136,168,,,,,0.0,1.0,0.0,0.0
256,640,144,160,,,,,0.0,1.0,0.0,0.0
248,648,152,152,,,,,0.0,1.0,0.0,0.0
240,656,160,144,1.0,0.0,0.0,0.0,0.0,1.0,0.0,0.0
232,656,168,144,1.0,0.0,0.0,0.0,0.0,0.0,1.0,0.0
224,656,176,144,1.0,0.0,0.0,0.0,0.0,0.0,1.0,0.0
216,656,184,144,1.0,0.0,0.0,0.0,0.0,0.0,1.0,0.0
208,656,192,144,1.0,0.0,0.0,0.0,0.0,0.0,1.0,0.0
200,656,200,144,1.0,0.0,0.0,0.0,0.0,0.0,1.0,0.0
192,656,208,144,1.0,0.0,0.0,0.0,0.0,0.0,1.0,0.0
184,656,216,144,1.0,0.0,0.0,0.0,0.0,0.0,1.0,0.0
176,656,224,144,1.0,0.0,0.0,0.0,0.0,0.0,1.0,0.0
168,656,232,144,1.0,0.0,0.0,0.0,0.0,0.0,1.0,0.0
160,656,240,144,1.0,0.0,0.0,0.0,0.0,0.0,1.0,0.0
152,656,248,144,1.0,0.0,0.0,0.0,0.0,0.0,1.0,0.0
144,656,256,144,1.0,0.0,0.0,0.0,0.0,0.0,1.0,0.0
136,656,264,144,1.0,0.0,0.0,0.0,0.0,0.0,1.0,0.0
128,656,272,144,1.0,0.0,0.0,0.0,0.0,0.0,1.0,0.0
120,656,280,144,1.0,0.0,0.0,0.0,0.0,0.0,1.0,0.0
112,656,288,144,1.0,0.0,0.0,0.0,0.0,0.0,1.0,0.0
104,656,296,144,1.0,0.0,0.0,0.0,0.0,0.0,1.0,0.0
96,656,304,144,1.0,0.0,0.0,0.0,0.0,0.0,1.0,0.0
88,656,312,144,1.0,0.0,0.0,0.0,0.0,0.0,1.0,0.0
80,656,320,144,1.0,0.0,0.0,0.0,0.0,0.0,1.0,0.0
72,656,328,144,1.0,0.0,0.0,0.0,0.0,0.0,1.0,0.0
64,656,336,144,1.0,0.0,0.0,0.0,0.0,0.0,1.0,0.0
56,656,344,144,,,,,0.0,0.0,1.0,0.0
64,648,336,152,,,,,0.0,0.0,0.0,1.0
72,640,328,160,,,,,0.0,0.0,0.0,1.0
80,632,320,168,,,,,0.0,0.0,0.0,1.0
88,624,312,176,,,,,0.0,0.0,0.0,1.0
96,616,304,184,,,,,0.0,0.0,0.0,1.0
104,608,296,192,,,,,0.0,0.0,0.0,1.0
112,600,288,200,,,,,0.0,0.0,0.0,1.0
120,592,280,208,,,,,0.0,0.0,0.0,1.0
128,584,272,216,,,,,0.0,0.0,0.0,1.0
136,576,264,224,0.0,1.0,0.0,0.0,0.0,0.0,0.0,1.0
136,568,264,232,0.0,1.0,0.0,0.0,0.0,0.0,0.0,1.0
136,560,264,240,0.0,1.0,0.0,0.0,0.0,0.0,0.0,1.0
136,552,264,248,0.0,1.0,0.0,0.0,0.0,0.0,0.0,1.0
136,544,264,256,0.0,1.0,0.0,0.0,0.0,0.0,0.0,1.0
136,536,264,264,0.0,1.0,0.0,0.0,0.0,0.0,0.0,1.0
136,528,264,272,0.0,1.0,0.0,0.0,0.0,0.0,0.0,1.0
136,520,264,280,0.0,1.0,0.0,0.0,0.0,0.0,0.0,1.0
136,512,264,288,0.0,1.0,0.0,0.0,0.0,0.0,0.0,1.0
136,504,264,296,0.0,1.0,0.0,0.0,0.0,0.0,0.0,1.0
136,496,264,304,0.0,1.0,0.0,0.0,0.0,0.0,0.0,1.0
136,488,264,312,0.0,1.0,0.0,0.0,0.0,0.0,0.0,1.0
136,480,264,320,0.0,1.0,0.0,0.0,0.0,0.0,0.0,1.0
136,472,264,328,0.0,1.0,0.0,0.0,0.0,0.0,0.0,1.0
136,464,264,336,0.0,1.0,0.0,0.0,0.0,0.0,0.0,1.0
136,456,264,344,0.0,1.0,0.0,0.0,0.0,0.0,0.0,1.0
136,448,264,352,0.0,1.0,0.0,0.0,0.0,0.0,0.0,1.0
136,440,264,360,0.0,1.0,0.0,0.0,0.0,0.0,0.0,1.0
136,432,264,368,0.0,1.0,0.0,0.0,0.0,0.0,0.0,1.0
136,424,264,376,0.0,1.0,0.0,0.0,0.0,0.0,0.0,1.0
136,416,264,384,0.0,1.0,0.0,0.0,0.0,0.0,0.0,1.0
136,408,264,392,0.0,1.0,0.0,0.0,0.0,0.0,0.0,1.0
136,400,264,400,0.0,1.0,0.0,0.0,0.0,0.0,0.0,1.0
136,392,264,408,0.0,1.0,0.0,0.0,0.0,0.0,0.0,1.0
136,384,264,416,0.0,1.0,0.0,0.0,0.0,0.0,0.0,1.0
136,376,264,424,0.0,1.0,0.0,0.0,0.0,0.0,0.0,1.0
136,368,264,432,0.0,1.0,0.0,0.0,0.0,0.0,0.0,1.0
136,360,264,440,0.0,1.0,0.0,0.0,0.0,0.0,0.0,1.0
136,352,264,448,0.0,1.0,0.0,0.0,0.0,0.0,0.0,1.0
136,344,264,456,0.0,1.0,0.0,0.0,0.0,0.0,0.0,1.0
136,336,264,464,0.0,1.0,0.0,0.0,0.0,0.0,0.0,1.0
136,328,264,472,0.0,1.0,0.0,0.0,0.0,0.0,0.0,1.0
136,320,264,480,0.0,1.0,0.0,0.0,0.0,0.0,0.0,1.0
136,312,264,488,0.0,1.0,0.0,0.0,0.0,0.0,0.0,1.0
136,304,264,496,0.0,1.0,0.0,0.0,0.0,0.0,0.0,1.0
136,296,264,504,0.0,1.0,0.0,0.0,0.0,0.0,0.0,1.0
136,288,264,512,0.0,1.0,0.0,0.0,0.0,0.0,0.0,1.0
136,280,264,520,0.0,1.0,0.0,0.0,0.0,0.0,0.0,1.0
136,272,264,528,0.0,1.0,0.0,0.0,0.0,0.0,0.0,1.0
136,264,264,536,0.0,1.0,0.0,0.0,0.0,0.0,0.0,1.0
136,256,264,544,,,,,0.0,0.0,0.0,1.0
144,264,256,536,,,,,1.0,0.0,0.0,0.0
152,272,248,528,,,,,1.0,0.0,0.0,0.0
160,280,240,520,,,,,1.0,0.0,0.0,0.0
168,288,232,512,,,,,1.0,0.0,0.0,0.0
176,296,224,504,,,,,1.0,0.0,0.0,0.0
184,304,216,496,,,,,1.0,0.0,0.0,0.0
192,312,208,488,,,,,1.0,0.0,0.0,0.0
200,320,200,480,,,,,1.0,0.0,0.0,0.0
208,328,192,472,,,,,1.0,0.0,0.0,0.0
216,336,184,464,,,,,1.0,0.0,0.0,0.0
224,344,176,456,,,,,1.0,0.0,0.0,0.0
232,352,168,448,,,,,1.0,0.0,0.0,0.0
240,360,160,440,,,,,1.0,0.0,0.0,0.0
248,368,152,432,,,,,1.0,0.0,0.0,0.0
256,376,144,424,,,,,1.0,0.0,0.0,0.0
264,384,136,416,,,,,1.0,0.0,0.0,0.0
272,392,128,408,,,,,,,,
280,400,120,400,,,,,,,,
288,408,112,392,,,,,,,,
296,416,104,384,,,,,,,,
304,424,96,376,,,,,,,,
304,432,96,368,,,,,0.0,1.0,0.0,0.0
304,440,96,360,,,,,0.0,1.0,0.0,0.0
304,448,96,352,,,,,0.0,1.0,0.0,0.0
304,456,96,344,,,,,0.0,1.0,0.0,0.0
304,464,96,336,,,,,0.0,1.0,0.0,0.0
304,472,96,328,,,,,0.0,1.0,0.0,0.0
304,480,96,320,,,,,0.0,1.0,0.0,0.0
304,488,96,312,,,,,0.0,1.0,0.0,0.0
304,496,96,304,,,,,0.0,1.0,0.0,0.0
304,504,96,296,,,,,0.0,1.0,0.0,0.0
304,512,96,288,,,,,0.0,1.0,0.0,0.0
304,520,96,280,,,,,0.0,1.0,0.0,0.0
304,528,96,272,,,,,0.0,1.0,0.0,0.0
304,536,96,264,,,,,0.0,1.0,0.0,0.0
304,544,96,256,,,,,0.0,1.0,0.0,0.0
304,552,96,248,,,,,0.0,1.0,0.0,0.0
304,560,96,240,,,,,0.0,1.0,0.0,0.0
304,568,96,232,,,,,0.0,1.0,0.0,0.0
304,576,96,224,,,,,0.0,1.0,0.0,0.0
304,584,96,216,,,,,0.0,1.0,0.0,0.0
304,592,96,208,,,,,0.0,1.0,0.0,0.0
304,600,96,200,,,,,0.0,1.0,0.0,0.0
304,608,96,192,,,,,0.0,1.0,0.0,0.0
304,616,96,184,,,,,0.0,1.0,0.0,0.0
304,624,96,176,,,,,0.0,1.0,0.0,0.0
304,632,96,168,,,,,0.0,1.0,0.0,0.0
304,640,96,160,,,,,0.0,1.0,0.0,0.0
304,648,96,152,,,,,0.0,1.0,0.0,0.0
304,656,96,144,,,,,0.0,1.0,0.0,0.0
304,664,96,136,,,,,0.0,1.0,0.0,0.0
304,672,96,128,,,,,0.0,1.0,0.0,0.0
304,680,96,120,,,,,0.0,1.0,0.0,0.0
304,688,96,112,,,,,0.0,1.0,0.0,0.0
304,696,96,104,,,,,0.0,1.0,0.0,0.0
296,688,104,112,,,,,0.0,0.0,1.0,0.0
288,680,112,120,,,,,0.0,0.0,1.0,0.0
280,672,120,128,0.0,1.0,0.0,0.0,0.0,0.0,1.0,0.0
280,664,120,136,0.0,1.0,0.0,0.0,0.0,0.0,0.0,1.0
280,656,120,144,0.0,1.0,0.0,0.0,0.0,0.0,0.0,1.0
280,648,120,152,0.0,1.0,0.0,0.0,0.0,0.0,0.0,1.0
280,640,120,160,0.0,1.0,0.0,0.0,0.0,0.0,0.0,1.0
280,632,120,168,0.0,1.0,0.0,0.0,0.0,0.0,0.0,1.0
280,624,120,176,0.0,1.0,0.0,0.0,0.0,0.0,0.0,1.0
280,616,120,184,0.0,1.0,0.0,0.0,0.0,0.0,0.0,1.0
280,608,120,192,0.0,1.0,0.0,0.0,0.0,0.0,0.0,1.0
280,600,120,200,0.0,1.0,0.0,0.0,0.0,0.0,0.0,1.0
280,592,120,208,0.0,1.0,0.0,0.0,0.0,0.0,0.0,1.0
280,584,120,216,0.0,1.0,0.0,0.0,0.0,0.0,0.0,1.0
280,576,120,224,0.0,1.0,0.0,0.0,0.0,0.0,0.0,1.0
280,568,120,232,0.0,1.0,0.0,0.0,0.0,0.0,0.0,1.0
280,560,120,240,0.0,1.0,0.0,0.0,0.0,0.0,0.0,1.0
280,552,120,248,0.0,1.0,0.0,0.0,0.0,0.0,0.0,1.0
280,544,120,256,0.0,1.0,0.0,0.0,0.0,0.0,0.0,1.0
280,536,120,264,0.0,1.0,0.0,0.0,0.0,0.0,0.0,1.0
280,528,120,272,0.0,1.0,0.0,0.0,0.0,0.0,0.0,1.0
280,520,120,280,0.0,1.0,0.0,0.0,0.0,0.0,0.0,1.0
280,512,120,288,0.0,1.0,0.0,0.0,0.0,0.0,0.0,1.0
280,504,120,296,0.0,1.0,0.0,0.0,0.0,0.0,0.0,1.0
280,496,120,304,0.0,1.0,0.0,0.0,0.0,0.0,0.0,1.0
280,488,120,312,0.0,1.0,0.0,0.0,0.0,0.0,0.0,1.0
280,480,120,320,0.0,1.0,0.0,0.0,0.0,0.0,0.0,1.0
280,472,120,328,0.0,1.0,0.0,0.0,0.0,0.0,0.0,1.0
280,464,120,336,0.0,1.0,0.0,0.0,0.0,0.0,0.0,1.0
280,456,120,344,0.0,1.0,0.0,0.0,0.0,0.0,0.0,1.0
280,448,120,352,0.0,1.0,0.0,0.0,0.0,0.0,0.0,1.0
280,440,120,360,0.0,1.0,0.0,0.0,0.0,0.0,0.0,1.0
280,432,120,368,0.0,1.0,0.0,0.0,0.0,0.0,0.0,1.0
280,424,120,376,0.0,1.0,0.0,0.0,0.0,0.0,0.0,1.0
280,416,120,384,0.0,1.0,0.0,0.0,0.0,0.0,0.0,1.0
280,408,120,392,0.0,1.0,0.0,0.0,0.0,0.0,0.0,1.0
280,400,120,400,0.0,1.0,0.0,0.0,0.0,0.0,0.0,1.0
280,392,120,408,0.0,1.0,0.0,0.0,0.0,0.0,0.0,1.0
280,384,120,416,0.0,1.0,0.0,0.0,0.0,0.0,0.0,1.0
280,376,120,424,0.0,1.0,0.0,0.0,0.0,0.0,0.0,1.0
280,368,120,432,0.0,1.0,0.0,0.0,0.0,0.0,0.0,1.0
280,360,120,440,0.0,1.0,0.0,0.0,0.0,0.0,0.0,1.0
280,352,120,448,0.0,1.0,0.0,0.0,0.0,0.0,0.0,1.0
280,344,120,456,0.0,1.0,0.0,0.0,0.0,0.0,0.0,1.0
280,336,120,464,0.0,1.0,0.0,0.0,0.0,0.0,0.0,1.0
280,328,120,472,0.0,1.0,0.0,0.0,0.0,0.0,0.0,1.0
280,320,120,480,0.0,1.0,0.0,0.0,0.0,0.0,0.0,1.0
280,312,120,488,0.0,1.0,0.0,0.0,0.0,0.0,0.0,1.0
280,304,120,496,0.0,1.0,0.0,0.0,0.0,0.0,0.0,1.0
280,296,120,504,0.0,1.0,0.0,0.0,0.0,0.0,0.0,1.0
280,288,120,512,0.0,1.0,0.0,0.0,0.0,0.0,0.0,1.0
280,280,120,520,0.0,1.0,0.0,0.0,0.0,0.0,0.0,1.0
280,272,120,528,0.0,1.0,0.0,0.0,0.0,0.0,0.0,1.0
280,264,120,536,0.0,1.0,0.0,0.0,0.0,0.0,0.0,1.0
280,256,120,544,0.0,1.0,0.0,0.0,0.0,0.0,0.0,1.0
280,248,120,552,0.0,1.0,0.0,0.0,0.0,0.0,0.0,1.0
280,240,120,560,0.0,1.0,0.0,0.0,0.0,0.0,0.0,1.0
280,232,120,568,0.0,1.0,0.0,0.0,0.0,0.0,0.0,1.0
280,224,120,576,0.0,1.0,0.0,0.0,0.0,0.0,0.0,1.0
280,216,120,584,0.0,1.0,0.0,0.0,0.0,0.0,0.0,1.0
280,208,120,592,0.0,1.0,0.0,0.0,0.0,0.0,0.0,1.0
280,200,120,600,0.0,1.0,0.0,0.0,0.0,0.0,0.0,1.0
280,192,120,608,0.0,1.0,0.0,0.0,0.0,0.0,0.0,1.0
280,184,120,616,0.0,1.0,0.0,0.0,0.0,0.0,0.0,1.0
280,176,120,624,,,,,0.0,0.0,0.0,1.0
272,184,128,616,,,,,0.0,0.0,1.0,0.0
264,192,136,608,,,,,0.0,0.0,1.0,0.0
256,200,144,600,,,,,0.0,0.0,1.0,0.0
248,208,152,592,,,,,0.0,0.0,1.0,0.0
240,216,160,584,,,,,0.0,0.0,1.0,0.0
240,224,160,576,,,,,0.0,1.0,0.0,0.0
240,232,160,568,,,,,0.0,1.0,0.0,0.0
240,240,160,560,,,,,0.0,1.0,0.0,0.0
240,248,160,552,,,,,0.0,1.0,0.0,0.0
240,256,160,544,,,,,0.0,1.0,0.0,0.0
240,264,160,536,,,,,0.0,1.0,0.0,0.0
240,272,160,528,,,,,0.0,1.0,0.0,0.0
240,280,160,520,,,,,0.0,1.0,0.0,0.0
248,288,152,512,,,,,0.0,1.0,0.0,0.0
256,296,144,504,,,,,0.0,1.0,0.0,0.0
264,304,136,496,,,,,0.0,1.0,0.0,0.0
272,312,128,488,,,,,0.0,1.0,0.0,0.0
280,320,120,480,,,,,0.0,1.0,0.0,0.0
288,328,112,472,,,,,,,,
296,336,104,464,,,,,,,,
304,344,96,456,,,,,,,,
312,352,88,448,,,,,,,,
320,360,80,440,,,,,,,,
328,368,72,432,,,,,,,,
336,376,64,424,,,,,,,,
344,384,56,416,,,,,,,,
344,392,56,408,,,,,0.0,1.0,0.0,0.0
344,400,56,400,,,,,0.0,1.0,0.0,0.0
344,408,56,392,,,,,0.0,1.0,0.0,0.0
344,416,56,384,,,,,0.0,1.0,0.0,0.0
344,424,56,376,,,,,0.0,1.0,0.0,0.0
344,432,56,368,,,,,0.0,1.0,0.0,0.0
344,440,56,360,,,,,0.0,1.0,0.0,0.0
344,448,56,352,,,,,0.0,1.0,0.0,0.0
344,456,56,344,,,,,0.0,1.0,0.0,0.0
344,464,56,336,,,,,0.0,1.0,0.0,0.0
344,472,56,328,,,,,0.0,1.0,0.0,0.0
344,480,56,320,,,,,0.0,1.0,0.0,0.0
344,488,56,312,,,,,0.0,1.0,0.0,0.0
344,496,56,304,,,,,0.0,1.0,0.0,0.0
344,504,56,296,,,,,0.0,1.0,0.0,0.0
344,512,56,288,,,,,0.0,1.0,0.0,0.0
344,520,56,280,,,,,0.0,1.0,0.0,0.0
344,528,56,272,,,,,0.0,1.0,0.0,0.0
344,536,56,264,,,,,0.0,1.0,0.0,0.0
344,544,56,256,,,,,0.0,1.0,0.0,0.0
344,552,56,248,,,,,0.0,1.0,0.0,0.0
344,560,56,240,,,,,0.0,1.0,0.0,0.0
344,568,56,232,,,,,0.0,1.0,0.0,0.0
344,576,56,224,,,,,0.0,1.0,0.0,0.0
344,584,56,216,,,,,0.0,1.0,0.0,0.0
344,592,56,208,,,,,0.0,1.0,0.0,0.0
344,600,56,200,,,,,0.0,1.0,0.0,0.0
344,608,56,192,,,,,0.0,1.0,0.0,0.0
344,616,56,184,,,,,0.0,1.0,0.0,0.0
344,624,56,176,,,,,0.0,1.0,0.0,0.0
344,632,56,168,,,,,0.0,1.0,0.0,0.0
344,640,56,160,,,,,0.0,1.0,0.0,0.0
344,648,56,152,,,,,0.0,1.0,0.0,0.0
344,656,56,144,,,,,0.0,1.0,0.0,0.0
344,664,56,136,,,,,0.0,1.0,0.0,0.0
344,672,56,128,,,,,0.0,1.0,0.0,0.0
344,680,56,120,,,,,0.0,1.0,0.0,0.0
344,688,56,112,,,,,0.0,1.0,0.0,0.0
344,696,56,104,,,,,0.0,1.0,0.0,0.0
344,704,56,96,,,,,0.0,1.0,0.0,0.0
344,712,56,88,,,,,0.0,1.0,0.0,0.0
344,720,56,80,,,,,0.0,1.0,0.0,0.0
344,728,56,72,,,,,0.0,1.0,0.0,0.0
344,736,56,64,,,,,0.0,1.0,0.0,0.0
344,744,56,56,,,,,0.0,1.0,0.0,0.0
344,752,56,48,,,,,0.0,1.0,0.0,0.0
344,760,56,40,,,,,0.0,1.0,0.0,0.0
344,768,56,32,,,,,0.0,1.0,0.0,0.0
336,760,64,40,,,,,0.0,0.0,1.0,0.0
328,752,72,48,,,,,0.0,0.0,1.0,0.0
320,744,80,56,,,,,0.0,0.0,1.0,0.0
312,736,88,64,,,,,0.0,0.0,1.0,0.0
304,728,96,72,,,,,0.0,0.0,1.0,0.0
296,720,104,80,,,,,0.0,0.0,1.0,0.0
288,712,112,88,,,,,0.0,0.0,1.0,0.0
280,704,120,96,,,,,0.0,0.0,1.0,0.0
272,696,128,104,,,,,0.0,0.0,1.0,0.0
264,688,136,112,,,,,0.0,0.0,1.0,0.0
256,680,144,120,,,,,0.0,0.0,1.0,0.0
248,672,152,128,,,,,0.0,0.0,1.0,0.0
240,664,160,136,,,,,0.0,0.0,1.0,0.0
232,656,168,144,,,,,0.0,0.0,1.0,0.0
224,648,176,152,,,,,0.0,0.0,1.0,0.0
